city,name,country,regime,service,n_facilities,pop_median_time_min,pop_mean_time_min,pop_share_beyond_15min,pop_share_beyond_30min,pop_service_deprived_share,unreachable_pop_share
aalborg,Aalborg,DK,emergency,ambulance_station,1.0,14.0,17.482873362371475,,0.1330650856551906,0.0024198253610519,0.0048790226454677
aarhus,Aarhus,DK,emergency,ambulance_station,2.0,15.0,18.017133486813528,,0.130941192189035,0.0003058558138422,9.747682019448447e-05
alicante,Alicante,ES,emergency,ambulance_station,2.0,25.0,24.715457173368797,,0.247240188085822,0.0003213724124605,0.0
amersfoort,Amersfoort,NL,emergency,ambulance_station,2.0,10.0,10.117076596602852,,6.892927796477391e-05,0.0,3.576247142572889e-06
amsterdam,Amsterdam,NL,emergency,ambulance_station,26.0,10.0,10.76335147043786,,0.0024155335661249,0.0003823177640199,0.0001947696890257
antwerpen,Antwerpen,BE,emergency,ambulance_station,13.0,10.0,11.406559302150622,,0.0056666400400424,0.0002880092420612,0.0
apeldoorn,Apeldoorn,NL,emergency,ambulance_station,2.0,9.0,10.326507970111043,,0.0007128909260451,0.0002171203234449,5.107407344433736e-05
arezzo,Arezzo,IT,emergency,ambulance_station,2.0,11.0,13.142646403669778,,0.0128507101020651,0.0,0.0
barcelona,Barcelona,ES,emergency,ambulance_station,20.0,11.0,13.172475343323336,,0.0463277685815628,0.0003365351530227,0.0038177121074459
berlin,Berlin,DE,emergency,ambulance_station,98.0,8.0,8.000117412045784,,0.0007336308959855,0.0001952771847708,6.579825546634008e-05
bilbao,Bilbao,ES,emergency,ambulance_station,15.0,10.0,10.717600319857429,,0.0114070732802104,0.0,3.761587329364424e-06
bratislava,Bratislava,SK,emergency,ambulance_station,4.0,15.0,16.96282291974986,,0.096696574649239,0.0012199712212936,8.834990078709413e-05
brno,Brno,CZ,emergency,ambulance_station,5.0,11.0,14.048656397259226,,0.044389246965057,1.7706129650997945e-05,0.0
bruxelles,Bruxelles,BE,emergency,ambulance_station,14.0,20.0,20.002861334229117,,0.0889023618548125,0.0003104283514066,9.721616120157184e-05
bucuresti,București,RO,emergency,ambulance_station,9.0,9.0,15.110304983108302,,0.2188591911589715,0.0789034992101565,0.0138212152767958
budapest,Budapest,HU,emergency,ambulance_station,37.0,8.0,9.65294355851316,,0.0199624975640022,3.854012233757269e-05,0.0004442526655318
caserta,Caserta,IT,emergency,ambulance_station,1.0,24.0,22.164996872267505,,0.0402779474663463,0.0,0.0
chemnitz,Chemnitz,DE,emergency,ambulance_station,18.0,7.0,7.03709651734832,,0.0,0.0,0.0
cosenza,Cosenza,IT,emergency,ambulance_station,2.0,13.0,14.391230253177635,,0.0451558228424141,0.0,0.0007212551675557
goteborg,Göteborg,SE,emergency,ambulance_station,2.0,23.0,24.106150079706985,,0.1695422498252922,0.0152865567281514,0.0022224258033794
grenoble,Grenoble,FR,emergency,ambulance_station,16.0,11.0,12.47304501236594,,0.0385126179020754,1.7378914418702544e-05,0.0002906792434966
hamburg,Hamburg,DE,emergency,ambulance_station,124.0,6.0,6.4596997771021565,,0.0020647764473634,8.044053602382965e-05,0.0017298342956215
helsingborg,Helsingborg,SE,emergency,ambulance_station,2.0,12.0,12.666924654882756,,0.0043721132088667,0.0006736106277219,0.0
jaen,Jaén,ES,emergency,ambulance_station,2.0,21.0,19.880763846098727,,0.1292327416839237,0.0,0.0005149201470868
katowice,Katowice,PL,emergency,ambulance_station,18.0,7.0,7.827059229403428,,0.0003100122421584,0.0,0.0002534428821402
kobenhavn,København,DK,emergency,ambulance_station,8.0,15.0,15.4899933530569,,0.0371034785783064,0.0003713971374816,9.409472397769646e-05
koeln,Köln,DE,emergency,ambulance_station,61.0,6.0,7.068400792565653,,0.0015006743521965,6.192297786494808e-06,0.0002092671147314
krakow,Kraków,PL,emergency,ambulance_station,11.0,12.0,14.711279404358384,,0.0815913377737716,0.0,4.00606884883627e-07
landshut,Landshut,DE,emergency,ambulance_station,6.0,7.0,8.784742903562043,,4.696282749316632e-05,0.0,0.0
lisboa,Lisboa,PT,emergency,ambulance_station,5.0,17.0,17.683856145381366,,0.0750313797324109,0.0004869519674653,2.4896942753291737e-05
ljubljana,Ljubljana,SI,emergency,ambulance_station,2.0,34.0,33.17311740166851,,0.6978801716125553,0.0816998774005701,0.0008303849451283
lodz,Łódź,PL,emergency,ambulance_station,1.0,17.0,19.60733760327,,0.137779754433705,0.0019518683728324,0.0
lomza,Łomża,PL,emergency,ambulance_station,1.0,8.0,12.614848382006292,,0.0703136790758309,0.0,0.0
luxembourg,Luxembourg,LU,emergency,ambulance_station,7.0,13.0,13.4561672673435,,0.0043337642580568,0.0006393538646572,0.0001198844495118
madrid,Madrid,ES,emergency,ambulance_station,122.0,7.0,8.503330211225254,,0.0088439196067832,4.0990668009360113e-05,0.0001414262031588
milano,Milano,IT,emergency,ambulance_station,91.0,7.0,8.250946316673772,,0.0005015595808533,1.3572451429292872e-06,0.0
munchen,München,DE,emergency,ambulance_station,78.0,7.0,7.311783479999323,,0.0031948745450421,0.0005959305642278,0.000369052645039
napoli,Napoli,IT,emergency,ambulance_station,10.0,12.0,13.070591708332394,,0.0226899257982297,0.0007391067715631,0.0
oslo,Oslo,NO,emergency,ambulance_station,7.0,19.0,20.377484519409023,,0.1477177256045561,0.003361148054706,0.000722064923502
palermo,Palermo,IT,emergency,ambulance_station,1.0,37.0,36.6793211470853,,0.7635411078914469,0.0294287819164478,2.353952749810184e-06
palma_de_mallorca,Palma de Mallorca,ES,emergency,ambulance_station,3.0,14.0,17.80403303318089,,0.1295538770756563,0.000447981297375,0.0001240564193465
paris,Paris,FR,emergency,ambulance_station,107.0,9.0,11.137443532641065,,0.0357160625812516,0.0006474218505622,0.00028082037673
porto,Porto,PT,emergency,ambulance_station,9.0,13.0,14.406263963783118,,0.0296311528364669,0.0,9.78175199907707e-05
praha,Praha,CZ,emergency,ambulance_station,15.0,10.0,12.684318414152456,,0.0289000854844482,0.0003593158962294,0.0003501534172989
riga,Rīga,LV,emergency,ambulance_station,14.0,10.0,14.934339964020408,,0.1481463698650545,0.0123118032616695,0.0102186250785451
roma,Roma,IT,emergency,ambulance_station,22.0,14.0,16.01955183759418,,0.0924302226720884,0.0005928679731612,0.0002436792832084
sittard_geleen,Sittard-Geleen,NL,emergency,ambulance_station,2.0,11.0,11.2879040952442,,9.491901413744868e-05,3.84148121461546e-05,5.650420199129408e-05
sofia,Sofia,BG,emergency,ambulance_station,1.0,13.0,16.979620815386944,,0.1317884969954687,0.0089394339764834,0.004089842623151
stavanger,Stavanger,NO,emergency,ambulance_station,4.0,17.0,19.256653713123093,,0.1671838344945813,0.0053134594670952,0.0023275570920877
stockholm,Stockholm,SE,emergency,ambulance_station,4.0,17.0,18.966591406034613,,0.1201876869846838,0.0125274551968184,0.002279148490199
szeged,Szeged,HU,emergency,ambulance_station,3.0,9.0,11.419520721870134,,0.041284933926312,0.0,7.912695031528352e-05
tallinn,Tallinn,EE,emergency,ambulance_station,5.0,12.0,15.730292085219617,,0.1358275445042868,0.0322641009394569,0.0096514305155998
toulon,Toulon,FR,emergency,ambulance_station,5.0,11.0,12.279589354258396,,0.0113051966326207,0.0008442572417862,0.0007117881025811
turku,Turku,FI,emergency,ambulance_station,1.0,13.0,16.05687396720608,,0.1157035639064671,0.0046598224076726,0.0103862042662311
vasteras,Västerås,SE,emergency,ambulance_station,2.0,9.0,11.242816236122689,,0.0108873897517829,6.479674697330593e-08,0.0001051565213188
vicenza,Vicenza,IT,emergency,ambulance_station,1.0,17.0,18.42651819476411,,0.0972862928952871,0.0,0.0
vilnius,Vilnius,LT,emergency,ambulance_station,4.0,15.0,19.137838957744925,,0.2618193279413534,0.0569058992183382,0.040844998785229
warszawa,Warszawa,PL,emergency,ambulance_station,13.0,13.0,16.56551832469694,,0.144116674571873,0.0117303510484169,0.0039568237154788
wroclaw,Wrocław,PL,emergency,ambulance_station,10.0,9.0,11.343112286861864,,0.0159715250542719,2.389004680384495e-06,5.032420538371682e-06
zagreb,Zagreb,HR,emergency,ambulance_station,7.0,13.0,16.700150304788078,,0.1422129175411843,0.0025885087290021,0.0004933468398991
aalborg,Aalborg,DK,emergency,emergency_dept_hospital,1.0,17.0,19.266997121162312,,0.1745978607649154,0.0030417752737684,0.0048790226454677
aarhus,Aarhus,DK,emergency,emergency_dept_hospital,1.0,18.0,20.820650174444356,,0.1592131897804623,0.0005279927917396,9.747682019448447e-05
alicante,Alicante,ES,emergency,emergency_dept_hospital,6.0,11.0,13.499065988149678,,0.0382807790838697,0.0002302841106153,0.0
amersfoort,Amersfoort,NL,emergency,emergency_dept_hospital,2.0,10.0,11.460115398861046,,0.0001390029870389,0.0,3.576247142572889e-06
amsterdam,Amsterdam,NL,emergency,emergency_dept_hospital,12.0,12.0,12.617741565027105,,0.0034409324011153,0.0003552956212691,0.0001947696890257
antwerpen,Antwerpen,BE,emergency,emergency_dept_hospital,12.0,10.0,11.867818243425464,,0.0051988529857793,0.0002837619754585,0.0
apeldoorn,Apeldoorn,NL,emergency,emergency_dept_hospital,1.0,17.0,17.59478813302164,,0.0106219195513901,0.000182074376377,5.107407344433736e-05
arezzo,Arezzo,IT,emergency,emergency_dept_hospital,2.0,12.0,13.82373094930752,,0.0250346347520248,0.0,0.0
athina,Athina,EL,emergency,emergency_dept_hospital,12.0,9.0,11.030517638509156,,0.0314467871447514,0.0,0.0003269286847008
barcelona,Barcelona,ES,emergency,emergency_dept_hospital,40.0,9.0,10.938706083098191,,0.0112717147572814,0.0005211610792832,0.0038177121074459
berlin,Berlin,DE,emergency,emergency_dept_hospital,39.0,9.0,11.667410849186284,,0.0397138534977427,0.0003110515424652,6.579825546634008e-05
bilbao,Bilbao,ES,emergency,emergency_dept_hospital,4.0,15.0,16.686877784861675,,0.1056679788909018,0.0011339610461197,3.761587329364424e-06
braila,Brăila,RO,emergency,emergency_dept_hospital,2.0,8.0,13.393252649579736,,0.1280498100909579,0.0,0.0005981650437556
bratislava,Bratislava,SK,emergency,emergency_dept_hospital,2.0,19.0,20.857505031980093,,0.1680508329978083,0.0013357832515758,8.834990078709413e-05
brno,Brno,CZ,emergency,emergency_dept_hospital,4.0,13.0,14.85462524768883,,0.0607276247262727,1.7706129650997945e-05,0.0
bruxelles,Bruxelles,BE,emergency,emergency_dept_hospital,34.0,10.0,11.517042890238011,,0.0064511228567435,0.0003109973377673,9.721616120157184e-05
bucuresti,București,RO,emergency,emergency_dept_hospital,32.0,8.0,13.363591910262366,,0.1557694221683768,0.0172628577882217,0.0138212152767958
budapest,Budapest,HU,emergency,emergency_dept_hospital,9.0,14.0,16.251458055903996,,0.1082988459221666,0.0018706002440576,0.0004442526655318
caserta,Caserta,IT,emergency,emergency_dept_hospital,6.0,8.0,8.801268208792234,,0.0019184741602644,0.0,0.0
chemnitz,Chemnitz,DE,emergency,emergency_dept_hospital,3.0,13.0,13.916297698348464,,0.0032462763339399,0.0,0.0
cosenza,Cosenza,IT,emergency,emergency_dept_hospital,3.0,14.0,15.454779488022645,,0.068607180331664,6.466586282843776e-05,0.0007212551675557
goteborg,Göteborg,SE,emergency,emergency_dept_hospital,7.0,15.0,16.025886874782117,,0.082031636018119,0.0151427011254698,0.0022224258033794
grenoble,Grenoble,FR,emergency,emergency_dept_hospital,5.0,12.0,15.532160304879053,,0.0903350989851572,1.5205526102595868e-05,0.0002906792434966
hamburg,Hamburg,DE,emergency,emergency_dept_hospital,27.0,11.0,12.407489244718962,,0.0216535585654532,0.0001379127740471,0.0017298342956215
helsingborg,Helsingborg,SE,emergency,emergency_dept_hospital,2.0,12.0,13.160073945651462,,0.0050266905690949,0.0,0.0
helsinki,Helsinki,FI,emergency,emergency_dept_hospital,11.0,15.0,16.254070080834143,,0.0482127286605131,0.0015835626501433,0.0026568861195763
jaen,Jaén,ES,emergency,emergency_dept_hospital,4.0,7.0,9.958434434208394,,0.0058542297799831,0.0,0.0005149201470868
katowice,Katowice,PL,emergency,emergency_dept_hospital,2.0,19.0,19.19882417184116,,0.0558248245036804,9.145427961401584e-05,0.0002534428821402
kobenhavn,København,DK,emergency,emergency_dept_hospital,22.0,9.0,10.397536376867302,,0.0120016011919861,0.0003175102256378,9.409472397769646e-05
koeln,Köln,DE,emergency,emergency_dept_hospital,23.0,11.0,11.869363088360045,,0.0070442365427348,0.0011087200472935,0.0002092671147314
krakow,Kraków,PL,emergency,emergency_dept_hospital,8.0,13.0,17.88280032609173,,0.210405561287446,6.593290655523115e-06,4.00606884883627e-07
lahti,Lahti,FI,emergency,emergency_dept_hospital,1.0,18.0,21.43355242959998,,0.2218769747688206,0.0002074218631353,0.0008467559246835
landshut,Landshut,DE,emergency,emergency_dept_hospital,3.0,11.0,12.590122203827285,,0.0039542572763032,0.0,0.0
lisboa,Lisboa,PT,emergency,emergency_dept_hospital,20.0,11.0,12.15409524084562,,0.0297424777186501,8.918075308135773e-06,2.4896942753291737e-05
ljubljana,Ljubljana,SI,emergency,emergency_dept_hospital,10.0,13.0,17.638925789356392,,0.2109513261341662,0.0284609594319284,0.0008303849451283
lodz,Łódź,PL,emergency,emergency_dept_hospital,4.0,12.0,14.91620039147869,,0.0911392776019397,0.0001261188611503,0.0
lomza,Łomża,PL,emergency,emergency_dept_hospital,2.0,7.0,12.130196560081664,,0.0617385418971206,0.0,0.0
luxembourg,Luxembourg,LU,emergency,emergency_dept_hospital,1.0,18.0,21.184434964912494,,0.1873300673582258,0.0063615639071393,0.0001198844495118
madrid,Madrid,ES,emergency,emergency_dept_hospital,35.0,11.0,11.551910859603842,,0.0163530547746857,0.0001650289312899,0.0001414262031588
milano,Milano,IT,emergency,emergency_dept_hospital,43.0,11.0,11.70213088525898,,0.0077477873549426,3.438761369413926e-05,0.0
munchen,München,DE,emergency,emergency_dept_hospital,27.0,10.0,11.674953481370377,,0.0197139067158075,0.000767430414157,0.000369052645039
napoli,Napoli,IT,emergency,emergency_dept_hospital,23.0,10.0,10.84340907969539,,0.0052037168848257,0.0,0.0
norrkoping,Norrköping,SE,emergency,emergency_dept_hospital,1.0,14.0,18.271540107017348,,0.179788987723983,0.0031922834729644,0.0086530587245269
oslo,Oslo,NO,emergency,emergency_dept_hospital,8.0,15.0,19.25019662751019,,0.1852754979873101,0.0031078772530176,0.000722064923502
palermo,Palermo,IT,emergency,emergency_dept_hospital,2.0,13.0,16.424770710157002,,0.0742321099582403,8.754935476938124e-06,2.353952749810184e-06
palma_de_mallorca,Palma de Mallorca,ES,emergency,emergency_dept_hospital,4.0,12.0,14.490230914519447,,0.0565608021466446,0.000447981297375,0.0001240564193465
paris,Paris,FR,emergency,emergency_dept_hospital,100.0,9.0,10.284114998722682,,0.0103773994796034,0.0001227691764903,0.00028082037673
porto,Porto,PT,emergency,emergency_dept_hospital,19.0,9.0,10.322213709651496,,0.0008074902530947,0.0,9.78175199907707e-05
praha,Praha,CZ,emergency,emergency_dept_hospital,10.0,13.0,15.514451403985568,,0.0913516809094126,0.0003560709049902,0.0003501534172989
riga,Rīga,LV,emergency,emergency_dept_hospital,6.0,16.0,21.749741615738284,,0.3001279866490585,0.068148801508783,0.0102186250785451
roma,Roma,IT,emergency,emergency_dept_hospital,43.0,9.0,11.576238448398664,,0.0316959415131983,0.0004578470963745,0.0002436792832084
sittard_geleen,Sittard-Geleen,NL,emergency,emergency_dept_hospital,1.0,14.0,14.265883317130417,,0.0025987776592205,3.84148121461546e-05,5.650420199129408e-05
sofia,Sofia,BG,emergency,emergency_dept_hospital,10.0,9.0,12.025846879674116,,0.0507633396524183,0.002526712026725,0.004089842623151
stavanger,Stavanger,NO,emergency,emergency_dept_hospital,1.0,18.0,20.73063706915088,,0.1837341364455209,0.0053866906853476,0.0023275570920877
stockholm,Stockholm,SE,emergency,emergency_dept_hospital,24.0,13.0,14.38222672598752,,0.0628847631540157,0.0032840532354249,0.002279148490199
talavera_de_la_reina,Talavera de la Reina,ES,emergency,emergency_dept_hospital,1.0,11.0,12.719480818926211,,0.0113320356889944,0.0,0.0002669232060958
tallinn,Tallinn,EE,emergency,emergency_dept_hospital,4.0,13.0,16.701555390548034,,0.1615701453667549,0.0391152745131392,0.0096514305155998
toulon,Toulon,FR,emergency,emergency_dept_hospital,5.0,11.0,12.74880453637012,,0.0368212059139331,0.0008442572417862,0.0007117881025811
turku,Turku,FI,emergency,emergency_dept_hospital,1.0,14.0,16.80465577843561,,0.1242604420702061,0.0050207135858353,0.0103862042662311
vasteras,Västerås,SE,emergency,emergency_dept_hospital,1.0,13.0,16.736095230733728,,0.1201500097934078,0.0007259901445743,0.0001051565213188
vicenza,Vicenza,IT,emergency,emergency_dept_hospital,15.0,8.0,9.191815218448852,,0.0001399367009141,0.0,0.0
vilnius,Vilnius,LT,emergency,emergency_dept_hospital,7.0,11.0,16.773087438247053,,0.2943275313258113,0.1306667031057719,0.040844998785229
warszawa,Warszawa,PL,emergency,emergency_dept_hospital,8.0,15.0,17.820637720611682,,0.145167188572462,0.0083953535300503,0.0039568237154788
wroclaw,Wrocław,PL,emergency,emergency_dept_hospital,2.0,22.0,22.12189152933668,,0.1478219276792493,0.0010317436998751,5.032420538371682e-06
zagreb,Zagreb,HR,emergency,emergency_dept_hospital,7.0,13.0,19.43772447823981,,0.2373631889684008,0.0101364270175532,0.0004933468398991
zilina,Žilina,SK,emergency,emergency_dept_hospital,1.0,17.0,17.04661396779805,,0.0766645243332654,0.0,7.047339346332587e-05
aalborg,Aalborg,DK,everyday,gp,44.0,7.691717459573403,8.653006205645935,0.5291164525618417,0.4651233803447393,0.4583765867219929,0.0048790226454677
aarhus,Aarhus,DK,everyday,gp,52.0,7.0,8.529020493952942,0.6288181751525288,0.5601635749362759,0.5600658006088375,9.747682019448447e-05
alicante,Alicante,ES,everyday,gp,46.0,8.801433772091176,10.58115445530049,0.5518239685202362,0.4345851734244372,0.4180002757931992,0.0
amersfoort,Amersfoort,NL,everyday,gp,46.0,6.6995868552017,7.604362697495286,0.177824219688643,0.1006814203872881,0.0987815779897515,3.576247142572889e-06
amsterdam,Amsterdam,NL,everyday,gp,405.0,6.740794205050993,7.87383108807829,0.228862935234524,0.1355781456146468,0.1346347986996655,0.0001947696890257
antwerpen,Antwerpen,BE,everyday,gp,185.0,7.7262579877702,8.706059093862137,0.3832266521062318,0.2850997842786607,0.28278903493904,0.0
apeldoorn,Apeldoorn,NL,everyday,gp,40.0,8.716412512825915,9.33841590315096,0.3703867066342164,0.2316751986514414,0.2314775624214047,5.107407344433736e-05
arezzo,Arezzo,IT,everyday,gp,4.0,12.619063586669052,13.366234947156729,0.7551211424553401,0.5947495034709109,0.5911316441824412,0.0
athina,Athina,EL,everyday,gp,382.0,6.327457618970479,7.068268620502228,0.1677114024171852,0.1061708220401252,0.1054283910537283,0.0003269286847008
barcelona,Barcelona,ES,everyday,gp,372.0,7.93343943695487,9.514072188460254,0.4720672134260502,0.3356925455044989,0.3239989131605343,0.0038177121074459
berlin,Berlin,DE,everyday,gp,2186.0,5.0192684534444485,6.335894954673085,0.1540544419985791,0.0747963504072686,0.0741184612080239,6.579825546634008e-05
bilbao,Bilbao,ES,everyday,gp,50.0,7.5,8.093006713861678,0.3797491414787441,0.3034067059662848,0.3029171964574922,3.761587329364424e-06
braila,Brăila,RO,everyday,gp,8.0,12.396485727353388,14.314936847717746,0.6466035977029505,0.4323834698587233,0.4074932854967317,0.0005981650437556
bratislava,Bratislava,SK,everyday,gp,314.0,6.783812610958731,8.194140215458658,0.3851085401758199,0.2830471785244778,0.278066662541537,8.834990078709413e-05
brno,Brno,CZ,everyday,gp,162.0,5.292317828427638,6.218783457993623,0.3367664971329032,0.3090345719153498,0.3090128609387071,0.0
bruxelles,Bruxelles,BE,everyday,gp,751.0,5.507435575986919,6.1524931573214765,0.2296587709452185,0.2109507895603172,0.2107622105057744,9.721616120157184e-05
bucuresti,București,RO,everyday,gp,105.0,9.583239383789342,10.529696759022633,0.5461309796248637,0.4221245463910785,0.4030444485090918,0.0138212152767958
budapest,Budapest,HU,everyday,gp,629.0,5.682706391854925,6.486237535888207,0.1610086669684299,0.1241640758919463,0.123681708168222,0.0004442526655318
caserta,Caserta,IT,everyday,gp,37.0,19.178187813621044,18.98146629157514,0.7696492952209492,0.4314194007557643,0.3473059723195109,0.0
chemnitz,Chemnitz,DE,everyday,gp,309.0,4.482278124979785,5.502445314936072,0.154144524505,0.1267878658636647,0.1265194010255268,0.0
cosenza,Cosenza,IT,everyday,gp,10.0,10.212253441977149,11.10347756748074,0.7229944015694131,0.6497291012302377,0.6448899731062085,0.0007212551675557
goteborg,Göteborg,SE,everyday,gp,19.0,12.948585937758452,13.364288574460078,0.7944530778911701,0.6823007270659275,0.6736341115157566,0.0022224258033794
grenoble,Grenoble,FR,everyday,gp,191.0,5.072991605406081,5.660734277395194,0.2426567932546895,0.2238573038759212,0.2235633875253618,0.0002906792434966
hamburg,Hamburg,DE,everyday,gp,1598.0,5.830739021879896,6.959605219843609,0.2478050151949914,0.1714177197714372,0.1690595652419056,0.0017298342956215
helsingborg,Helsingborg,SE,everyday,gp,2.0,17.0,16.910488269301318,0.9577845788464142,0.898766959561415,0.898336861105577,0.0
helsinki,Helsinki,FI,everyday,gp,32.0,14.873505492564906,15.56873781499952,0.8033575810578366,0.6382350735284692,0.6146233002473669,0.0026568861195763
jaen,Jaén,ES,everyday,gp,14.0,5.5,7.940817061722366,0.6177385493262267,0.5457792038742644,0.5402528030044532,0.0005149201470868
katowice,Katowice,PL,everyday,gp,321.0,6.059066805278143,6.950457600359094,0.1208194125466909,0.0580403874087559,0.0570117819797564,0.0002534428821402
kobenhavn,København,DK,everyday,gp,112.0,11.591648941146593,12.89408511289187,0.6003273492988318,0.4232436246985238,0.3975694468977483,9.409472397769646e-05
koeln,Köln,DE,everyday,gp,929.0,5.149338726112515,6.325116434683314,0.1867854091376253,0.1216034486270546,0.1206180022519069,0.0002092671147314
krakow,Kraków,PL,everyday,gp,358.0,5.449426387690398,6.511535295581071,0.3059175439797649,0.268116807648288,0.2680775891601101,4.00606884883627e-07
lahti,Lahti,FI,everyday,gp,5.0,12.5,14.071723674941175,0.8262655533317698,0.7259310233211557,0.7209870794541337,0.0008467559246835
landshut,Landshut,DE,everyday,gp,102.0,3.9118563749989215,5.164451774678196,0.3029482805571603,0.2739373509980027,0.273929312723679,0.0
lisboa,Lisboa,PT,everyday,gp,93.0,11.0,11.98664574224577,0.6985109510670725,0.5648204114808967,0.5574683069466653,2.4896942753291737e-05
ljubljana,Ljubljana,SI,everyday,gp,38.0,11.507501720923957,12.133880971642403,0.7161924640125649,0.6034039454982172,0.5936719780060449,0.0008303849451283
lodz,Łódź,PL,everyday,gp,226.0,6.277408437988213,7.407639186539034,0.2650762070486631,0.1865207479385641,0.1865207219193562,0.0
lomza,Łomża,PL,everyday,gp,9.0,10.972654795180334,12.249428259076044,0.5988636242534146,0.4203352191138312,0.4195020008668963,0.0
luxembourg,Luxembourg,LU,everyday,gp,194.0,5.97167308613699,7.822687353658863,0.4095196165125657,0.3221309457137886,0.3138896901792801,0.0001198844495118
madrid,Madrid,ES,everyday,gp,263.0,8.043085956591177,8.853036182046242,0.4334671874984221,0.3276360684302238,0.3274634850579544,0.0001414262031588
milano,Milano,IT,everyday,gp,328.0,10.076557300291,11.180062660502228,0.4980108145847964,0.3296510152137464,0.3158586943932472,0.0
munchen,München,DE,everyday,gp,1791.0,3.366764077393694,4.619616873667596,0.1473405274102009,0.1173234761271832,0.1166685604880639,0.000369052645039
napoli,Napoli,IT,everyday,gp,47.0,14.614371349542916,16.168549330043824,0.7926274345359452,0.6316578669881345,0.5963491294024968,0.0
norrkoping,Norrköping,SE,everyday,gp,10.0,9.5,11.47989723081896,0.666454473933605,0.5508501335391107,0.5373951910132037,0.0086530587245269
oslo,Oslo,NO,everyday,gp,426.0,5.818455616664258,6.26450695056464,0.1603727093239239,0.1412721969500753,0.1402978373304554,0.000722064923502
palermo,Palermo,IT,everyday,gp,21.0,13.815232744691446,14.849724594763398,0.7175588144381542,0.5287031193768463,0.4944667844587774,2.353952749810184e-06
palma_de_mallorca,Palma de Mallorca,ES,everyday,gp,58.0,9.2262579877702,11.438747443059365,0.5651993747422068,0.4354934570009442,0.408385685899444,0.0001240564193465
paris,Paris,FR,everyday,gp,1877.0,4.584607974813587,5.377465758609197,0.1685904647254121,0.1491600609209016,0.1488773481644693,0.00028082037673
porto,Porto,PT,everyday,gp,24.0,14.0,14.455843717521834,0.8359972758974181,0.7201817271391541,0.7133541088220442,9.78175199907707e-05
praha,Praha,CZ,everyday,gp,244.0,8.427083302410605,9.076331046931788,0.4182446160609112,0.3135233325995445,0.3130316284163406,0.0003501534172989
riga,Rīga,LV,everyday,gp,124.0,7.936411569928872,8.600436540878265,0.4607524398914703,0.3901106985190605,0.3793260726925173,0.0102186250785451
roma,Roma,IT,everyday,gp,97.0,10.26882112203764,11.305260895965445,0.6977162869730452,0.5845786505581723,0.5777124308319325,0.0002436792832084
sittard_geleen,Sittard-Geleen,NL,everyday,gp,17.0,11.889075001505564,13.141808155835884,0.598493100020466,0.4032721074111301,0.3812724341790158,5.650420199129408e-05
sofia,Sofia,BG,everyday,gp,190.0,8.007211958417718,9.309991565575205,0.508848615348167,0.3802339094121544,0.3740000468782786,0.004089842623151
stavanger,Stavanger,NO,everyday,gp,87.0,7.5132227784278545,8.349347110599993,0.2503161949980538,0.1503625620391143,0.1476799306185699,0.0023275570920877
stockholm,Stockholm,SE,everyday,gp,108.0,7.598460420813438,8.221361964078156,0.5234759068600597,0.4708575131636695,0.468410407681038,0.002279148490199
szeged,Szeged,HU,everyday,gp,75.0,4.5,5.583975937993043,0.2956762101787779,0.2603902892698825,0.2603111623195673,7.912695031528352e-05
talavera_de_la_reina,Talavera de la Reina,ES,everyday,gp,2.0,13.0,13.638204995339542,0.5964191742599725,0.395886673715659,0.3908111552330465,0.0002669232060958
tallinn,Tallinn,EE,everyday,gp,44.0,11.60385796814941,12.254890453500238,0.572892855350882,0.3786982726646661,0.3652225407769734,0.0096514305155998
toulon,Toulon,FR,everyday,gp,89.0,8.641424135325188,9.34283809565776,0.3921521312920705,0.292516770793237,0.2891913090552272,0.0007117881025811
turku,Turku,FI,everyday,gp,21.0,10.201508111315093,10.787516345367113,0.7087230473116904,0.616442020718871,0.6046199151194488,0.0103862042662311
vasteras,Västerås,SE,everyday,gp,4.0,14.980888262451352,14.838151734573248,0.8186381731009472,0.645178718918023,0.642869271079791,0.0001051565213188
vicenza,Vicenza,IT,everyday,gp,13.0,11.0,11.961918636023531,0.6359550593474621,0.4840175098087976,0.4801312166813923,0.0
vilnius,Vilnius,LT,everyday,gp,42.0,10.274133720759904,11.204533818916268,0.7200622967952163,0.6507731395570082,0.6018275079573473,0.040844998785229
warszawa,Warszawa,PL,everyday,gp,910.0,4.60375652049084,5.804458569463029,0.2619974061850132,0.2213133353101716,0.2168463343450423,0.0039568237154788
wroclaw,Wrocław,PL,everyday,gp,323.0,3.879153642039959,4.687830335116154,0.2068700527344073,0.1908092076466842,0.1907826439178284,5.032420538371682e-06
zagreb,Zagreb,HR,everyday,gp,182.0,6.21554796330894,7.193879103869854,0.4030984005309949,0.3617564027243904,0.3611038300794886,0.0004933468398991
zilina,Žilina,SK,everyday,gp,25.0,6.101087303975231,7.893100830895936,0.5902413004092565,0.5339252727594805,0.5335690056773041,7.047339346332587e-05
aalborg,Aalborg,DK,everyday,green_space_district,340.0,3.900469871779884,4.8130432048105725,0.2079605326301108,0.1980290300433677,0.1931500073978999,0.0048790226454677
aarhus,Aarhus,DK,everyday,green_space_district,898.0,2.876250051962903,3.696427591805881,0.0790179439314627,0.0698646337678662,0.0693734696776425,9.747682019448447e-05
alicante,Alicante,ES,everyday,green_space_district,915.0,1.744188122859594,3.323374441259656,0.1622511387017801,0.1410591718061974,0.1407350761904096,0.0
amersfoort,Amersfoort,NL,everyday,green_space_district,75.0,6.044418965776951,6.933906210593809,0.0963276877564103,0.0392576827814696,0.0385095861365715,3.576247142572889e-06
amsterdam,Amsterdam,NL,everyday,green_space_district,951.0,5.738745768438635,6.324941747250162,0.0956831520514131,0.0687077015681055,0.06848410275382,0.0001947696890257
antwerpen,Antwerpen,BE,everyday,green_space_district,636.0,4.975616593351551,5.773945249757849,0.1602784473892622,0.1335967110794539,0.1334522981753909,0.0
apeldoorn,Apeldoorn,NL,everyday,green_space_district,66.0,7.903957661551523,8.383011304865681,0.2641298619031064,0.1891481201897563,0.1890956702278548,5.107407344433736e-05
arezzo,Arezzo,IT,everyday,green_space_district,129.0,2.7759929980350866,4.151161174489226,0.2298519344440265,0.2089758666149842,0.2089758666149842,0.0
athina,Athina,EL,everyday,green_space_district,3082.0,0.5936271192603926,1.7447758219101115,0.0278170569083608,0.0247083290366749,0.0242212801471791,0.0003269286847008
barcelona,Barcelona,ES,everyday,green_space_district,4445.0,1.129790183209201,2.4561840957548022,0.0396715620860725,0.0322500341475019,0.0282493668419178,0.0038177121074459
berlin,Berlin,DE,everyday,green_space_district,3845.0,3.1258765888082185,3.852308625880137,0.0450427300373078,0.0393174960431987,0.0392516977877323,6.579825546634008e-05
bilbao,Bilbao,ES,everyday,green_space_district,1193.0,0.9338170865303804,2.077777807255476,0.0359854881587908,0.0321033738037395,0.0320286150795799,3.761587329364424e-06
braila,Brăila,RO,everyday,green_space_district,22.0,8.329816701264821,8.969267559293842,0.3425000905231407,0.2594556420130089,0.255846385419874,0.0005981650437556
bratislava,Bratislava,SK,everyday,green_space_district,1049.0,4.078650063604105,5.435778449787716,0.1920931242510543,0.1474561149422547,0.1436672863992983,8.834990078709413e-05
brno,Brno,CZ,everyday,green_space_district,682.0,2.8872776952990944,3.973075816884228,0.1421260304768603,0.1290655024755189,0.1290635882935701,0.0
bruxelles,Bruxelles,BE,everyday,green_space_district,2344.0,2.8784820003733844,3.867968224682183,0.0848930101713961,0.0783583138197432,0.0781913155810872,9.721616120157184e-05
bucuresti,București,RO,everyday,green_space_district,758.0,4.009255357547377,4.822284296531729,0.247085731346877,0.2326236175766871,0.2187527062238978,0.0138212152767958
budapest,Budapest,HU,everyday,green_space_district,2456.0,3.3098478194449896,4.095608084632852,0.0543935032635298,0.044876412608127,0.0444198450751188,0.0004442526655318
caserta,Caserta,IT,everyday,green_space_district,126.0,4.909527308512507,5.983956094689327,0.0722645008858999,0.0222138634816145,0.0222007092608862,0.0
chemnitz,Chemnitz,DE,everyday,green_space_district,363.0,4.267286853479917,5.115842521312898,0.0972826630816487,0.0793974455606004,0.0792422529516523,0.0
cosenza,Cosenza,IT,everyday,green_space_district,99.0,4.0,5.213572002888884,0.3886747765721125,0.362908305047399,0.3610860093209399,0.0007212551675557
goteborg,Göteborg,SE,everyday,green_space_district,450.0,4.874370986554913,6.029094578950216,0.2709243348950558,0.2310217105067225,0.2287992847033431,0.0022224258033794
grenoble,Grenoble,FR,everyday,green_space_district,631.0,2.156620025674094,3.1835389389282263,0.1157817453688023,0.1116194718571896,0.1113233902487069,0.0002906792434966
hamburg,Hamburg,DE,everyday,green_space_district,2033.0,4.400577157274825,5.466956442666502,0.1553000879936404,0.1188336246611102,0.1167485096871571,0.0017298342956215
helsingborg,Helsingborg,SE,everyday,green_space_district,241.0,2.989532403696514,4.406634934057217,0.1180091208803571,0.0921015639680201,0.0918142247280242,0.0
helsinki,Helsinki,FI,everyday,green_space_district,3248.0,1.7422788630553747,2.7527757355973708,0.0943347415601577,0.0869514371743568,0.0842897239776051,0.0026568861195763
jaen,Jaén,ES,everyday,green_space_district,457.0,0.1224698766191988,1.7739180747491765,0.114740500592891,0.1014202261166626,0.1005307068867053,0.0005149201470868
katowice,Katowice,PL,everyday,green_space_district,506.0,5.691734014427722,6.422816513869553,0.0806305507910799,0.0383022867761068,0.0374819775341414,0.0002534428821402
kobenhavn,København,DK,everyday,green_space_district,3021.0,2.802897883581459,3.53748239945621,0.0464648062939131,0.0388730451025657,0.038650142796112,9.409472397769646e-05
koeln,Köln,DE,everyday,green_space_district,874.0,5.654113343260742,6.511788101723065,0.1264190811595527,0.0811113932764946,0.0804850948474742,0.0002092671147314
krakow,Kraków,PL,everyday,green_space_district,505.0,5.496141837309255,6.2624372758136095,0.2330042468347954,0.2082095983187069,0.208209197711822,4.00606884883627e-07
lahti,Lahti,FI,everyday,green_space_district,213.0,4.23433981279167,5.123825985112086,0.2501647216117816,0.2314217006929609,0.2305749447682773,0.0008467559246835
landshut,Landshut,DE,everyday,green_space_district,56.0,6.447141694323779,7.529166307588239,0.35961659312618,0.3045851039480238,0.3044050324253018,0.0
lisboa,Lisboa,PT,everyday,green_space_district,2092.0,2.604485466586549,3.3350890849495136,0.0466280480817502,0.040439671557716,0.0404101772450588,2.4896942753291737e-05
ljubljana,Ljubljana,SI,everyday,green_space_district,481.0,4.348121160242313,5.456565694651401,0.3228627221222506,0.2984409896027525,0.2976050505817275,0.0008303849451283
lodz,Łódź,PL,everyday,green_space_district,321.0,6.002495133839654,6.748114099504984,0.1544492164182521,0.1164426789733241,0.1164408316048362,0.0
lomza,Łomża,PL,everyday,green_space_district,50.0,7.033094230974741,9.435958400964356,0.5366091190255567,0.3942555783696899,0.3872485475279708,0.0
luxembourg,Luxembourg,LU,everyday,green_space_district,631.0,3.8285054329149566,4.679357236607598,0.0908216432714942,0.0754165371073495,0.0752930820705248,0.0001198844495118
madrid,Madrid,ES,everyday,green_space_district,7487.0,1.0800221937835242,2.6606174971967755,0.0467681997455209,0.0332183929786273,0.0328891507100578,0.0001414262031588
milano,Milano,IT,everyday,green_space_district,4141.0,2.2241276264482743,2.8054567236105075,0.0083279452574788,0.0066460334910613,0.0066432138259253,0.0
munchen,München,DE,everyday,green_space_district,1965.0,2.9432021247642344,3.620767712199468,0.0924796274985097,0.0883670603227259,0.0879980076776869,0.000369052645039
napoli,Napoli,IT,everyday,green_space_district,1739.0,6.002449249503653,6.943726183086068,0.1124226306684211,0.0296981935335769,0.0280428142078802,0.0
norrkoping,Norrköping,SE,everyday,green_space_district,155.0,4.099181003844787,5.36343387641108,0.2912923935040071,0.2544179348570411,0.2457574348057017,0.0086530587245269
oslo,Oslo,NO,everyday,green_space_district,1345.0,3.70659085830147,4.460594764468392,0.1253449299660244,0.1193046598529315,0.1185825949294294,0.000722064923502
palermo,Palermo,IT,everyday,green_space_district,189.0,5.66772007198336,6.475368649793359,0.195777592968829,0.1557287177747313,0.1556490041078763,2.353952749810184e-06
palma_de_mallorca,Palma de Mallorca,ES,everyday,green_space_district,655.0,2.015443728070503,3.3639507900858443,0.1114364456971994,0.1001340913947858,0.099916278992221,0.0001240564193465
paris,Paris,FR,everyday,green_space_district,6596.0,2.684766514875963,3.3163097608674774,0.0560932667250331,0.0528358887548229,0.0525550683780928,0.00028082037673
porto,Porto,PT,everyday,green_space_district,582.0,7.0,7.716638922114821,0.1578226628098906,0.0852017783403419,0.0845113984776271,9.78175199907707e-05
praha,Praha,CZ,everyday,green_space_district,1854.0,2.6671896543808624,3.8003239307617696,0.1235920256946554,0.1111180568497236,0.1107362234509667,0.0003501534172989
riga,Rīga,LV,everyday,green_space_district,638.0,6.735814168905651,7.639423239646748,0.269891149271693,0.2011353829693319,0.1906171369878667,0.0102186250785451
roma,Roma,IT,everyday,green_space_district,2206.0,3.2703885745538965,4.164465792890497,0.0986801787743265,0.0869086121095231,0.0866615159740007,0.0002436792832084
sittard_geleen,Sittard-Geleen,NL,everyday,green_space_district,56.0,8.62433106023915,10.287503307106272,0.3510088621709548,0.1791086335592072,0.1723383483556418,5.650420199129408e-05
sofia,Sofia,BG,everyday,green_space_district,710.0,3.537628530323065,4.610857968784544,0.1151541414305551,0.0976808229942633,0.0935472488844578,0.004089842623151
stavanger,Stavanger,NO,everyday,green_space_district,377.0,3.73648040032098,5.177628967980314,0.1942193532283954,0.1377956002973282,0.1354345667682576,0.0023275570920877
stockholm,Stockholm,SE,everyday,green_space_district,2756.0,2.5,3.626935359017488,0.0737031430165343,0.0615574223294298,0.0592781604932483,0.002279148490199
szeged,Szeged,HU,everyday,green_space_district,237.0,2.969286773217435,3.913741189489731,0.1461965541278355,0.1331394807896611,0.1329926848104313,7.912695031528352e-05
talavera_de_la_reina,Talavera de la Reina,ES,everyday,green_space_district,89.0,0.4656032590997425,2.643516628137087,0.2457033297073134,0.2224915443518626,0.2209253204444287,0.0002669232060958
tallinn,Tallinn,EE,everyday,green_space_district,390.0,5.057379157615689,6.320434758010917,0.2234975163442768,0.1777505076301803,0.1647348322280903,0.0096514305155998
toulon,Toulon,FR,everyday,green_space_district,229.0,6.633928739934804,7.638332116607787,0.2186430765574762,0.1287376203415806,0.1260566594396426,0.0007117881025811
turku,Turku,FI,everyday,green_space_district,1451.0,2.365389936077815,3.609196143670209,0.1416861951895424,0.127343715224212,0.1169575109579809,0.0103862042662311
vasteras,Västerås,SE,everyday,green_space_district,191.0,5.0,6.092516465220064,0.2136006532873138,0.1651411528174774,0.1647807438859185,0.0001051565213188
vicenza,Vicenza,IT,everyday,green_space_district,457.0,3.1951685807178443,4.181526786052026,0.059775415759761,0.0459195363178639,0.0457685708916317,0.0
vilnius,Vilnius,LT,everyday,green_space_district,281.0,5.320512972080151,6.214831033585995,0.3989025497374184,0.3722785675930081,0.3312958610757982,0.040844998785229
warszawa,Warszawa,PL,everyday,green_space_district,1329.0,4.724699642407044,5.476830342192226,0.1334607537841539,0.1153407625931742,0.1112895471494586,0.0039568237154788
wroclaw,Wrocław,PL,everyday,green_space_district,884.0,3.286687503129733,3.959473309236979,0.0563602701881668,0.0502280137183744,0.050222981297836,5.032420538371682e-06
zagreb,Zagreb,HR,everyday,green_space_district,710.0,3.706975314935458,5.214438739490101,0.2472318377632299,0.2125374062136276,0.2114512486292923,0.0004933468398991
zilina,Žilina,SK,everyday,green_space_district,94.0,6.575196981045137,7.017688523857175,0.3769965279868784,0.3394041513506519,0.3393004986162811,7.047339346332587e-05
aalborg,Aalborg,DK,everyday,green_space_local,340.0,3.900469871779884,4.8130432048105725,0.2079605326301108,0.1980290300433677,0.1931500073978999,0.0048790226454677
aarhus,Aarhus,DK,everyday,green_space_local,898.0,2.876250051962903,3.696427591805881,0.0790179439314627,0.0698646337678662,0.0693734696776425,9.747682019448447e-05
alicante,Alicante,ES,everyday,green_space_local,915.0,1.744188122859594,3.323374441259656,0.1622511387017801,0.1410591718061974,0.1407350761904096,0.0
amersfoort,Amersfoort,NL,everyday,green_space_local,75.0,6.044418965776951,6.933906210593809,0.0963276877564103,0.0392576827814696,0.0385095861365715,3.576247142572889e-06
amsterdam,Amsterdam,NL,everyday,green_space_local,951.0,5.738745768438635,6.324941747250162,0.0956831520514131,0.0687077015681055,0.06848410275382,0.0001947696890257
antwerpen,Antwerpen,BE,everyday,green_space_local,636.0,4.975616593351551,5.773945249757849,0.1602784473892622,0.1335967110794539,0.1334522981753909,0.0
apeldoorn,Apeldoorn,NL,everyday,green_space_local,66.0,7.903957661551523,8.383011304865681,0.2641298619031064,0.1891481201897563,0.1890956702278548,5.107407344433736e-05
arezzo,Arezzo,IT,everyday,green_space_local,129.0,2.7759929980350866,4.151161174489226,0.2298519344440265,0.2089758666149842,0.2089758666149842,0.0
athina,Athina,EL,everyday,green_space_local,3082.0,0.5936271192603926,1.7447758219101115,0.0278170569083608,0.0247083290366749,0.0242212801471791,0.0003269286847008
barcelona,Barcelona,ES,everyday,green_space_local,4445.0,1.129790183209201,2.4561840957548022,0.0396715620860725,0.0322500341475019,0.0282493668419178,0.0038177121074459
berlin,Berlin,DE,everyday,green_space_local,3845.0,3.1258765888082185,3.852308625880137,0.0450427300373078,0.0393174960431987,0.0392516977877323,6.579825546634008e-05
bilbao,Bilbao,ES,everyday,green_space_local,1193.0,0.9338170865303804,2.077777807255476,0.0359854881587908,0.0321033738037395,0.0320286150795799,3.761587329364424e-06
braila,Brăila,RO,everyday,green_space_local,22.0,8.329816701264821,8.969267559293842,0.3425000905231407,0.2594556420130089,0.255846385419874,0.0005981650437556
bratislava,Bratislava,SK,everyday,green_space_local,1049.0,4.078650063604105,5.435778449787716,0.1920931242510543,0.1474561149422547,0.1436672863992983,8.834990078709413e-05
brno,Brno,CZ,everyday,green_space_local,682.0,2.8872776952990944,3.973075816884228,0.1421260304768603,0.1290655024755189,0.1290635882935701,0.0
bruxelles,Bruxelles,BE,everyday,green_space_local,2344.0,2.8784820003733844,3.867968224682183,0.0848930101713961,0.0783583138197432,0.0781913155810872,9.721616120157184e-05
bucuresti,București,RO,everyday,green_space_local,758.0,4.009255357547377,4.822284296531729,0.247085731346877,0.2326236175766871,0.2187527062238978,0.0138212152767958
budapest,Budapest,HU,everyday,green_space_local,2456.0,3.3098478194449896,4.095608084632852,0.0543935032635298,0.044876412608127,0.0444198450751188,0.0004442526655318
caserta,Caserta,IT,everyday,green_space_local,126.0,4.909527308512507,5.983956094689327,0.0722645008858999,0.0222138634816145,0.0222007092608862,0.0
chemnitz,Chemnitz,DE,everyday,green_space_local,363.0,4.267286853479917,5.115842521312898,0.0972826630816487,0.0793974455606004,0.0792422529516523,0.0
cosenza,Cosenza,IT,everyday,green_space_local,99.0,4.0,5.213572002888884,0.3886747765721125,0.362908305047399,0.3610860093209399,0.0007212551675557
goteborg,Göteborg,SE,everyday,green_space_local,450.0,4.874370986554913,6.029094578950216,0.2709243348950558,0.2310217105067225,0.2287992847033431,0.0022224258033794
grenoble,Grenoble,FR,everyday,green_space_local,631.0,2.156620025674094,3.1835389389282263,0.1157817453688023,0.1116194718571896,0.1113233902487069,0.0002906792434966
hamburg,Hamburg,DE,everyday,green_space_local,2033.0,4.400577157274825,5.466956442666502,0.1553000879936404,0.1188336246611102,0.1167485096871571,0.0017298342956215
helsingborg,Helsingborg,SE,everyday,green_space_local,241.0,2.989532403696514,4.406634934057217,0.1180091208803571,0.0921015639680201,0.0918142247280242,0.0
helsinki,Helsinki,FI,everyday,green_space_local,3248.0,1.7422788630553747,2.7527757355973708,0.0943347415601577,0.0869514371743568,0.0842897239776051,0.0026568861195763
jaen,Jaén,ES,everyday,green_space_local,457.0,0.1224698766191988,1.7739180747491765,0.114740500592891,0.1014202261166626,0.1005307068867053,0.0005149201470868
katowice,Katowice,PL,everyday,green_space_local,506.0,5.691734014427722,6.422816513869553,0.0806305507910799,0.0383022867761068,0.0374819775341414,0.0002534428821402
kobenhavn,København,DK,everyday,green_space_local,3021.0,2.802897883581459,3.53748239945621,0.0464648062939131,0.0388730451025657,0.038650142796112,9.409472397769646e-05
koeln,Köln,DE,everyday,green_space_local,874.0,5.654113343260742,6.511788101723065,0.1264190811595527,0.0811113932764946,0.0804850948474742,0.0002092671147314
krakow,Kraków,PL,everyday,green_space_local,505.0,5.496141837309255,6.2624372758136095,0.2330042468347954,0.2082095983187069,0.208209197711822,4.00606884883627e-07
lahti,Lahti,FI,everyday,green_space_local,213.0,4.23433981279167,5.123825985112086,0.2501647216117816,0.2314217006929609,0.2305749447682773,0.0008467559246835
landshut,Landshut,DE,everyday,green_space_local,56.0,6.447141694323779,7.529166307588239,0.35961659312618,0.3045851039480238,0.3044050324253018,0.0
lisboa,Lisboa,PT,everyday,green_space_local,2092.0,2.604485466586549,3.3350890849495136,0.0466280480817502,0.040439671557716,0.0404101772450588,2.4896942753291737e-05
ljubljana,Ljubljana,SI,everyday,green_space_local,481.0,4.348121160242313,5.456565694651401,0.3228627221222506,0.2984409896027525,0.2976050505817275,0.0008303849451283
lodz,Łódź,PL,everyday,green_space_local,321.0,6.002495133839654,6.748114099504984,0.1544492164182521,0.1164426789733241,0.1164408316048362,0.0
lomza,Łomża,PL,everyday,green_space_local,50.0,7.033094230974741,9.435958400964356,0.5366091190255567,0.3942555783696899,0.3872485475279708,0.0
luxembourg,Luxembourg,LU,everyday,green_space_local,631.0,3.8285054329149566,4.679357236607598,0.0908216432714942,0.0754165371073495,0.0752930820705248,0.0001198844495118
madrid,Madrid,ES,everyday,green_space_local,7487.0,1.0800221937835242,2.6606174971967755,0.0467681997455209,0.0332183929786273,0.0328891507100578,0.0001414262031588
milano,Milano,IT,everyday,green_space_local,4141.0,2.2241276264482743,2.8054567236105075,0.0083279452574788,0.0066460334910613,0.0066432138259253,0.0
munchen,München,DE,everyday,green_space_local,1965.0,2.9432021247642344,3.620767712199468,0.0924796274985097,0.0883670603227259,0.0879980076776869,0.000369052645039
napoli,Napoli,IT,everyday,green_space_local,1739.0,6.002449249503653,6.943726183086068,0.1124226306684211,0.0296981935335769,0.0280428142078802,0.0
norrkoping,Norrköping,SE,everyday,green_space_local,155.0,4.099181003844787,5.36343387641108,0.2912923935040071,0.2544179348570411,0.2457574348057017,0.0086530587245269
oslo,Oslo,NO,everyday,green_space_local,1345.0,3.70659085830147,4.460594764468392,0.1253449299660244,0.1193046598529315,0.1185825949294294,0.000722064923502
palermo,Palermo,IT,everyday,green_space_local,189.0,5.66772007198336,6.475368649793359,0.195777592968829,0.1557287177747313,0.1556490041078763,2.353952749810184e-06
palma_de_mallorca,Palma de Mallorca,ES,everyday,green_space_local,655.0,2.015443728070503,3.3639507900858443,0.1114364456971994,0.1001340913947858,0.099916278992221,0.0001240564193465
paris,Paris,FR,everyday,green_space_local,6596.0,2.684766514875963,3.3163097608674774,0.0560932667250331,0.0528358887548229,0.0525550683780928,0.00028082037673
porto,Porto,PT,everyday,green_space_local,582.0,7.0,7.716638922114821,0.1578226628098906,0.0852017783403419,0.0845113984776271,9.78175199907707e-05
praha,Praha,CZ,everyday,green_space_local,1854.0,2.6671896543808624,3.8003239307617696,0.1235920256946554,0.1111180568497236,0.1107362234509667,0.0003501534172989
riga,Rīga,LV,everyday,green_space_local,638.0,6.735814168905651,7.639423239646748,0.269891149271693,0.2011353829693319,0.1906171369878667,0.0102186250785451
roma,Roma,IT,everyday,green_space_local,2206.0,3.2703885745538965,4.164465792890497,0.0986801787743265,0.0869086121095231,0.0866615159740007,0.0002436792832084
sittard_geleen,Sittard-Geleen,NL,everyday,green_space_local,56.0,8.62433106023915,10.287503307106272,0.3510088621709548,0.1791086335592072,0.1723383483556418,5.650420199129408e-05
sofia,Sofia,BG,everyday,green_space_local,710.0,3.537628530323065,4.610857968784544,0.1151541414305551,0.0976808229942633,0.0935472488844578,0.004089842623151
stavanger,Stavanger,NO,everyday,green_space_local,377.0,3.73648040032098,5.177628967980314,0.1942193532283954,0.1377956002973282,0.1354345667682576,0.0023275570920877
stockholm,Stockholm,SE,everyday,green_space_local,2756.0,2.5,3.626935359017488,0.0737031430165343,0.0615574223294298,0.0592781604932483,0.002279148490199
szeged,Szeged,HU,everyday,green_space_local,237.0,2.969286773217435,3.913741189489731,0.1461965541278355,0.1331394807896611,0.1329926848104313,7.912695031528352e-05
talavera_de_la_reina,Talavera de la Reina,ES,everyday,green_space_local,89.0,0.4656032590997425,2.643516628137087,0.2457033297073134,0.2224915443518626,0.2209253204444287,0.0002669232060958
tallinn,Tallinn,EE,everyday,green_space_local,390.0,5.057379157615689,6.320434758010917,0.2234975163442768,0.1777505076301803,0.1647348322280903,0.0096514305155998
toulon,Toulon,FR,everyday,green_space_local,229.0,6.633928739934804,7.638332116607787,0.2186430765574762,0.1287376203415806,0.1260566594396426,0.0007117881025811
turku,Turku,FI,everyday,green_space_local,1451.0,2.365389936077815,3.609196143670209,0.1416861951895424,0.127343715224212,0.1169575109579809,0.0103862042662311
vasteras,Västerås,SE,everyday,green_space_local,191.0,5.0,6.092516465220064,0.2136006532873138,0.1651411528174774,0.1647807438859185,0.0001051565213188
vicenza,Vicenza,IT,everyday,green_space_local,457.0,3.1951685807178443,4.181526786052026,0.059775415759761,0.0459195363178639,0.0457685708916317,0.0
vilnius,Vilnius,LT,everyday,green_space_local,281.0,5.320512972080151,6.214831033585995,0.3989025497374184,0.3722785675930081,0.3312958610757982,0.040844998785229
warszawa,Warszawa,PL,everyday,green_space_local,1329.0,4.724699642407044,5.476830342192226,0.1334607537841539,0.1153407625931742,0.1112895471494586,0.0039568237154788
wroclaw,Wrocław,PL,everyday,green_space_local,884.0,3.286687503129733,3.959473309236979,0.0563602701881668,0.0502280137183744,0.050222981297836,5.032420538371682e-06
zagreb,Zagreb,HR,everyday,green_space_local,710.0,3.706975314935458,5.214438739490101,0.2472318377632299,0.2125374062136276,0.2114512486292923,0.0004933468398991
zilina,Žilina,SK,everyday,green_space_local,94.0,6.575196981045137,7.017688523857175,0.3769965279868784,0.3394041513506519,0.3393004986162811,7.047339346332587e-05
aalborg,Aalborg,DK,everyday,pharmacy,32.0,7.5,8.650414737603484,0.4965648185243548,0.4218006162827851,0.4157899357070094,0.0048790226454677
aarhus,Aarhus,DK,everyday,pharmacy,48.0,8.557809944172675,9.318301855037491,0.393606521377036,0.3007281387369944,0.2997995313157304,9.747682019448447e-05
alicante,Alicante,ES,everyday,pharmacy,231.0,3.150736873197771,4.560217715632808,0.2233579196280614,0.1966204825235253,0.1964882736592626,0.0
amersfoort,Amersfoort,NL,everyday,pharmacy,20.0,8.426202942653571,9.28137059138654,0.2864981864599626,0.1737145399843136,0.1706386842133772,3.576247142572889e-06
amsterdam,Amsterdam,NL,everyday,pharmacy,241.0,6.900216650024003,7.711593384484556,0.2341941839177561,0.1698080361942648,0.1692883248520341,0.0001947696890257
antwerpen,Antwerpen,BE,everyday,pharmacy,286.0,4.33090510988692,5.392811892625626,0.2014967664172431,0.1761446610863166,0.1761266669337925,0.0
apeldoorn,Apeldoorn,NL,everyday,pharmacy,23.0,9.0,9.691935778757276,0.359211587581792,0.2386882839013126,0.2380995888111528,5.107407344433736e-05
arezzo,Arezzo,IT,everyday,pharmacy,38.0,4.468611991817777,5.8561309704546725,0.2953920920524023,0.2534391372044464,0.2532900752832442,0.0
athina,Athina,EL,everyday,pharmacy,2265.0,0.902885744412013,2.3003683245195816,0.0422376809702437,0.0312670845387743,0.0305881051663438,0.0003269286847008
barcelona,Barcelona,ES,everyday,pharmacy,2202.0,0.8523108006348583,2.668323357130614,0.0674394979312636,0.0473937211886728,0.0429926780430441,0.0038177121074459
berlin,Berlin,DE,everyday,pharmacy,939.0,5.056483061117669,5.868938444508523,0.1004521259617274,0.0716960242300998,0.0716266090442083,6.579825546634008e-05
bilbao,Bilbao,ES,everyday,pharmacy,453.0,0.2977445520150525,2.012367789484076,0.0511315632912255,0.0446943511041268,0.0446874493451773,3.761587329364424e-06
braila,Brăila,RO,everyday,pharmacy,36.0,5.651965226326334,7.903473401570307,0.3840331497943927,0.2891477496749519,0.2808576148573128,0.0005981650437556
bratislava,Bratislava,SK,everyday,pharmacy,388.0,4.5,5.740776873297283,0.2364043896916189,0.195132769391705,0.1945655412572438,8.834990078709413e-05
brno,Brno,CZ,everyday,pharmacy,218.0,3.864204588925908,4.758329672683174,0.2243043523709015,0.2122522738263119,0.2122522738263119,0.0
bruxelles,Bruxelles,BE,everyday,pharmacy,1159.0,2.96286639842876,4.026867012392679,0.0758363273969148,0.0699340117578481,0.0698031661777058,9.721616120157184e-05
bucuresti,București,RO,everyday,pharmacy,981.0,2.376735647104736,3.547881572012976,0.2487506409047005,0.2364961348311046,0.2226652269148767,0.0138212152767958
budapest,Budapest,HU,everyday,pharmacy,735.0,4.5,5.206161101075031,0.0889228191757143,0.0758620137679038,0.0754130423377275,0.0004442526655318
caserta,Caserta,IT,everyday,pharmacy,56.0,5.46254388685178,6.77296509903723,0.1175954538337349,0.0356139678583624,0.0355222374248246,0.0
chemnitz,Chemnitz,DE,everyday,pharmacy,101.0,5.637893281676706,6.606603446539934,0.2281110704118734,0.1843824867003312,0.1838257043319709,0.0
cosenza,Cosenza,IT,everyday,pharmacy,53.0,4.0,5.403310577966911,0.3909279371559295,0.3690765020449259,0.3679922728240377,0.0007212551675557
goteborg,Göteborg,SE,everyday,pharmacy,101.0,8.867903480758127,9.43738922187185,0.4007900833805493,0.2857643685836115,0.2833896518285857,0.0022224258033794
grenoble,Grenoble,FR,everyday,pharmacy,227.0,3.4655804475887706,4.235363481094381,0.1244223589450251,0.1195055489865321,0.1192116326359728,0.0002906792434966
hamburg,Hamburg,DE,everyday,pharmacy,610.0,6.026777025174833,6.778117238854763,0.2108701574574088,0.1684003859616647,0.1659579025326558,0.0017298342956215
helsingborg,Helsingborg,SE,everyday,pharmacy,26.0,8.0,8.937505686772383,0.4471312916069082,0.3609913912668144,0.3592799468345512,0.0
helsinki,Helsinki,FI,everyday,pharmacy,168.0,8.765947543245076,9.492876102171508,0.3383649264293085,0.2152982407999315,0.2118332140369743,0.0026568861195763
jaen,Jaén,ES,everyday,pharmacy,69.0,2.364735084702515,4.321429317583302,0.2424255328745921,0.1924426740967337,0.1910131233555826,0.0005149201470868
katowice,Katowice,PL,everyday,pharmacy,415.0,4.753774614375597,5.717757279466856,0.0804327656674192,0.0419193596449915,0.0414070181071086,0.0002534428821402
kobenhavn,København,DK,everyday,pharmacy,173.0,7.0,7.339978586932829,0.1825761617252831,0.1609179084607709,0.1608057735950628,9.409472397769646e-05
koeln,Köln,DE,everyday,pharmacy,469.0,5.443002179744167,6.456806220725648,0.1470335284225286,0.0892055926496485,0.0887587928639181,0.0002092671147314
krakow,Kraków,PL,everyday,pharmacy,480.0,4.448914263636623,5.422403808823835,0.2304139692899454,0.2096609028188629,0.2096448725856357,4.00606884883627e-07
lahti,Lahti,FI,everyday,pharmacy,23.0,9.0,8.92211314197353,0.4082853642291904,0.3650790115302931,0.3642322556056096,0.0008467559246835
landshut,Landshut,DE,everyday,pharmacy,36.0,5.78883677300342,6.598537450814614,0.3120669489343727,0.2856505278440877,0.2855456090146997,0.0
lisboa,Lisboa,PT,everyday,pharmacy,811.0,3.5035331532788065,4.465387770282709,0.0840978094552555,0.0688270998702082,0.0686633696968177,2.4896942753291737e-05
ljubljana,Ljubljana,SI,everyday,pharmacy,127.0,6.029156310228963,6.795546221200798,0.3692144554589023,0.3415796985775871,0.3406611978521445,0.0008303849451283
lodz,Łódź,PL,everyday,pharmacy,405.0,4.390863587717073,5.764829840714715,0.1725833857529123,0.115288845609039,0.115139053409592,0.0
lomza,Łomża,PL,everyday,pharmacy,37.0,4.897682794841103,6.5403284730494935,0.3911508824218593,0.3286649399239149,0.3285349841139777,0.0
luxembourg,Luxembourg,LU,everyday,pharmacy,100.0,6.139368303696543,7.084404316443607,0.295730829525728,0.248023957599582,0.2472893781914322,0.0001198844495118
madrid,Madrid,ES,everyday,pharmacy,2682.0,1.5837918161797715,3.493952953631687,0.1118145270249746,0.0773140814294081,0.0762887588302131,0.0001414262031588
milano,Milano,IT,everyday,pharmacy,1331.0,3.0988808049867664,3.851083065764159,0.0315080625815415,0.0275276568280172,0.0275243918323659,0.0
munchen,München,DE,everyday,pharmacy,581.0,4.499158047236993,5.247601433256426,0.1373171377236609,0.1198358182919019,0.1194633841719915,0.000369052645039
napoli,Napoli,IT,everyday,pharmacy,484.0,5.345940878178499,6.718658172419804,0.1713917106987501,0.0869776816858283,0.0864483530529209,0.0
norrkoping,Norrköping,SE,everyday,pharmacy,17.0,7.739664815252887,9.05535153176962,0.4954617101792919,0.4122561710741126,0.4008425675899973,0.0086530587245269
oslo,Oslo,NO,everyday,pharmacy,307.0,6.348121160242313,6.846972354064701,0.179108737780877,0.1485336438784662,0.1478115789549642,0.000722064923502
palermo,Palermo,IT,everyday,pharmacy,204.0,3.5646065353399603,5.21692927527924,0.1469361771708552,0.0951052899910603,0.0950734353893425,2.353952749810184e-06
palma_de_mallorca,Palma de Mallorca,ES,everyday,pharmacy,226.0,2.326373465475731,3.769119785897947,0.1213684529833339,0.1117873441614087,0.1116632877420621,0.0001240564193465
paris,Paris,FR,everyday,pharmacy,3479.0,2.533559362953637,3.234612174441647,0.0675911560502101,0.0638584333088261,0.0635776129320961,0.00028082037673
porto,Porto,PT,everyday,pharmacy,333.0,5.769474632096196,6.5458698439126,0.1103157048708488,0.0713360515840282,0.0712369426902977,9.78175199907707e-05
praha,Praha,CZ,everyday,pharmacy,500.0,4.850672797409304,5.675521706118963,0.1960983779312607,0.175548525751076,0.1751849678073759,0.0003501534172989
riga,Rīga,LV,everyday,pharmacy,436.0,3.752440063029905,4.811555665269565,0.2580101931910475,0.2400441868342386,0.2298023452469945,0.0102186250785451
roma,Roma,IT,everyday,pharmacy,896.0,3.4682991158883216,4.451075650613738,0.1290967105519741,0.1132545690564589,0.1129853686983876,0.0002436792832084
sittard_geleen,Sittard-Geleen,NL,everyday,pharmacy,16.0,11.70664251565248,13.659979738633606,0.5330433328480882,0.3099437858668578,0.2652778108943007,5.650420199129408e-05
sofia,Sofia,BG,everyday,pharmacy,583.0,3.124258928820211,4.8184250156997575,0.2539562134988037,0.2100816598415837,0.2059334524674919,0.004089842623151
stavanger,Stavanger,NO,everyday,pharmacy,67.0,8.078815658107867,8.813667585254873,0.2762955296990431,0.1675158986816648,0.1651227863114795,0.0023275570920877
stockholm,Stockholm,SE,everyday,pharmacy,253.0,6.235954858527233,6.811455338443991,0.2123694580702953,0.1856499251066781,0.1833279939120344,0.002279148490199
szeged,Szeged,HU,everyday,pharmacy,70.0,4.98530029629638,5.62524230538043,0.1636800552205227,0.1451324229941783,0.145052932541387,7.912695031528352e-05
talavera_de_la_reina,Talavera de la Reina,ES,everyday,pharmacy,31.0,1.2192624289338962,3.763865999311489,0.3500768242394739,0.3065550268597932,0.3046936101332142,0.0002669232060958
tallinn,Tallinn,EE,everyday,pharmacy,220.0,5.051846031639787,6.207180403249548,0.2182832355611866,0.1780291475997102,0.1674256125183344,0.0096514305155998
toulon,Toulon,FR,everyday,pharmacy,161.0,6.168080818075013,7.000486313952192,0.1898772557433393,0.1402610123209987,0.1380171100810704,0.0007117881025811
turku,Turku,FI,everyday,pharmacy,52.0,8.0,8.252988804830355,0.3668491842195708,0.3385481262694088,0.3227666564130044,0.0103862042662311
vasteras,Västerås,SE,everyday,pharmacy,20.0,10.295731973403315,10.432260086219877,0.5174567008757243,0.3783544380478583,0.3774762817466519,0.0001051565213188
vicenza,Vicenza,IT,everyday,pharmacy,66.0,5.0,6.079927109617034,0.1363488138235818,0.1027230046715308,0.1023543645237618,0.0
vilnius,Vilnius,LT,everyday,pharmacy,246.0,5.099307829028787,6.008232175124127,0.3758051380901893,0.3518858360824792,0.3110007814515324,0.040844998785229
warszawa,Warszawa,PL,everyday,pharmacy,1098.0,3.484704753688501,4.395784859162768,0.1462874407169619,0.1346813945489282,0.1306539161502199,0.0039568237154788
wroclaw,Wrocław,PL,everyday,pharmacy,329.0,3.323755372299025,4.183613295761567,0.1442729163047324,0.1362525840636877,0.1362475516431493,5.032420538371682e-06
zagreb,Zagreb,HR,everyday,pharmacy,312.0,4.087582636869897,5.321910697313665,0.2733260502792985,0.2542158652870517,0.2537090482106375,0.0004933468398991
zilina,Žilina,SK,everyday,pharmacy,53.0,4.305579721396019,5.70076798287238,0.4440586026085129,0.4147633698539757,0.4146873484371898,7.047339346332587e-05
aalborg,Aalborg,DK,everyday,school_primary,154.0,7.5,7.93132296949824,0.2387387853166029,0.1874243105452388,0.1824934077561352,0.0048790226454677
aarhus,Aarhus,DK,everyday,school_primary,227.0,5.3760648219936025,5.890549599725764,0.1163339288665366,0.1065553122900195,0.1064564469261281,9.747682019448447e-05
alicante,Alicante,ES,everyday,school_primary,362.0,3.150773042616932,4.655845486451403,0.1905529258348559,0.1655754182827216,0.1652297194639163,0.0
amersfoort,Amersfoort,NL,everyday,school_primary,161.0,3.1934857487046924,3.9057429131255854,0.0308541527430002,0.0202596201417635,0.0200759181257313,3.576247142572889e-06
amsterdam,Amsterdam,NL,everyday,school_primary,1435.0,3.5857677815663336,4.488709313096945,0.0860617218808823,0.0646646607027705,0.0643443416298985,0.0001947696890257
antwerpen,Antwerpen,BE,everyday,school_primary,572.0,4.581739774648086,5.562812481592548,0.1617086768692553,0.129563708970232,0.1295349374011062,0.0
apeldoorn,Apeldoorn,NL,everyday,school_primary,158.0,4.420365853738939,5.4627182178035145,0.0909706494029996,0.0591208494094318,0.0589591054242531,5.107407344433736e-05
arezzo,Arezzo,IT,everyday,school_primary,185.0,3.618851473654417,4.340263488798167,0.0872575749220096,0.0727416129745899,0.0727102790055749,0.0
athina,Athina,EL,everyday,school_primary,1630.0,1.8012396506084447,2.4175205332204888,0.0275063117038998,0.0254817277972522,0.0251348209705481,0.0003269286847008
barcelona,Barcelona,ES,everyday,school_primary,1881.0,1.481168129944263,2.509307201363581,0.0556294086743362,0.0480219682170474,0.0442001073206748,0.0038177121074459
berlin,Berlin,DE,everyday,school_primary,1597.0,4.924757357132572,5.523242950816644,0.0667222825387741,0.0503404234792781,0.0502485403231613,6.579825546634008e-05
bilbao,Bilbao,ES,everyday,school_primary,395.0,2.241529468201041,3.244681704619114,0.0596885754960423,0.0495862346139556,0.0494486554626334,3.761587329364424e-06
braila,Brăila,RO,everyday,school_primary,48.0,4.096085327487454,5.187705788856178,0.2406288311035134,0.2173702021236408,0.2166435948424125,0.0005981650437556
bratislava,Bratislava,SK,everyday,school_primary,462.0,4.398369214793928,5.582804305160709,0.1634253468445287,0.1253118368089519,0.1250447934015275,8.834990078709413e-05
brno,Brno,CZ,everyday,school_primary,333.0,3.959975493280746,4.825251968183077,0.143691423786126,0.1322054169405552,0.1322054169405552,0.0
bruxelles,Bruxelles,BE,everyday,school_primary,2044.0,2.817123888220913,3.6911863325370415,0.0363242449270198,0.0322632698872184,0.0320345089651253,9.721616120157184e-05
bucuresti,București,RO,everyday,school_primary,665.0,4.051899365889482,4.888691248477194,0.2119411150654472,0.1994634484178345,0.1852816114886419,0.0138212152767958
budapest,Budapest,HU,everyday,school_primary,995.0,4.5,5.162104753515528,0.0755914947759875,0.0645872273919844,0.0640750532678857,0.0004442526655318
caserta,Caserta,IT,everyday,school_primary,85.0,5.284712827462037,6.507968972238467,0.1150417502496146,0.0415196151664599,0.0415071538224687,0.0
chemnitz,Chemnitz,DE,everyday,school_primary,214.0,4.668639165723643,5.343578254938109,0.0842453062017231,0.0789278779721898,0.0789278779721898,0.0
cosenza,Cosenza,IT,everyday,school_primary,76.0,3.853912845067175,5.315083518811377,0.3994867926953601,0.3784509805418115,0.3772184870106009,0.0007212551675557
goteborg,Göteborg,SE,everyday,school_primary,481.0,4.918032374297153,5.735070426601869,0.1257223820414352,0.0989260687678415,0.0959295306568775,0.0022224258033794
grenoble,Grenoble,FR,everyday,school_primary,856.0,2.139092572692677,3.043318980452764,0.0377107427868043,0.0322957760631439,0.0319933339602475,0.0002906792434966
hamburg,Hamburg,DE,everyday,school_primary,1119.0,6.027774487268975,6.753631169688159,0.1530438390706915,0.1154194068212354,0.1123977156800223,0.0017298342956215
helsingborg,Helsingborg,SE,everyday,school_primary,129.0,4.0,4.936561727982999,0.1103831532338244,0.095500710102417,0.095500710102417,0.0
helsinki,Helsinki,FI,everyday,school_primary,788.0,5.22270697611246,5.914193647375454,0.1189170546000894,0.0962513141911357,0.0931360094571234,0.0026568861195763
jaen,Jaén,ES,everyday,school_primary,120.0,2.430285708035457,3.609820770197036,0.1676704635978378,0.1441992511710138,0.1424973945670445,0.0005149201470868
katowice,Katowice,PL,everyday,school_primary,539.0,4.625566953142798,5.321387902227798,0.0388561984096084,0.0181294338578041,0.0177972268607409,0.0002534428821402
kobenhavn,København,DK,everyday,school_primary,737.0,4.367722032992423,4.860599158483902,0.0563473686974466,0.0517233913243438,0.051090910614927,9.409472397769646e-05
koeln,Köln,DE,everyday,school_primary,871.0,5.202761677284904,6.115834665014448,0.0850282099367713,0.0438405758934746,0.0432454926815071,0.0002092671147314
krakow,Kraków,PL,everyday,school_primary,649.0,5.305939285750631,5.989360386872617,0.1175956781076258,0.0976682215852792,0.0974866509122313,4.00606884883627e-07
lahti,Lahti,FI,everyday,school_primary,79.0,7.2262579877702,7.5204588053764,0.2532218163334299,0.222762782093089,0.2219160261684055,0.0008467559246835
landshut,Landshut,DE,everyday,school_primary,80.0,5.738877429948854,6.186044790693571,0.2320244262346261,0.2160937733522295,0.2160722895112075,0.0
lisboa,Lisboa,PT,everyday,school_primary,1495.0,3.034002706812696,3.574294200577903,0.0217504866412886,0.0186146834897634,0.0185658663382393,2.4896942753291737e-05
ljubljana,Ljubljana,SI,everyday,school_primary,332.0,5.214288274695222,6.0071570223307855,0.2333958368870617,0.2168182524443264,0.2159847531032568,0.0008303849451283
lodz,Łódź,PL,everyday,school_primary,411.0,5.259678597831857,6.216092816168581,0.1309120828594337,0.0886542804396162,0.0886421980596421,0.0
lomza,Łomża,PL,everyday,school_primary,47.0,6.290378129174323,6.894037690228304,0.3217963904819409,0.2893730509849685,0.2887366335652714,0.0
luxembourg,Luxembourg,LU,everyday,school_primary,367.0,4.132549175664278,5.047674916629683,0.1141462957752297,0.0966843105378755,0.0965644260883637,0.0001198844495118
madrid,Madrid,ES,everyday,school_primary,2954.0,2.028183033141227,3.085403223731089,0.0667004157272743,0.0528172417061343,0.0525160030828495,0.0001414262031588
milano,Milano,IT,everyday,school_primary,1722.0,3.813420877623917,4.3597649378708185,0.0286740375212322,0.0236081675968497,0.0236043787555862,0.0
munchen,München,DE,everyday,school_primary,1048.0,4.7262579877702,5.298982930166464,0.0819134275078579,0.0714049664812827,0.0710034834839465,0.000369052645039
napoli,Napoli,IT,everyday,school_primary,757.0,4.92115273396294,6.049081022763907,0.1112081453969912,0.0615577316901887,0.0612955794716062,0.0
norrkoping,Norrköping,SE,everyday,school_primary,113.0,4.049950232253115,4.851975548404749,0.2415977196548684,0.2339328232303885,0.2243041434681869,0.0086530587245269
oslo,Oslo,NO,everyday,school_primary,771.0,5.000540004385178,5.535745646465701,0.0735475153129495,0.0640555210730959,0.0633334561495938,0.000722064923502
palermo,Palermo,IT,everyday,school_primary,198.0,4.633989969084865,6.1211128403918265,0.1657802626588715,0.0949271379658799,0.0945585053323618,2.353952749810184e-06
palma_de_mallorca,Palma de Mallorca,ES,everyday,school_primary,309.0,2.723898429047479,3.743197267817884,0.1083315593142301,0.098810234753394,0.0986861783340474,0.0001240564193465
paris,Paris,FR,everyday,school_primary,10710.0,1.5214418674070558,2.2619255777431704,0.0204836426990398,0.0178630394926016,0.0175818840288013,0.00028082037673
porto,Porto,PT,everyday,school_primary,832.0,4.114962918512008,4.54863718153651,0.0090141027057967,0.0073425155769597,0.0072446980569689,9.78175199907707e-05
praha,Praha,CZ,everyday,school_primary,823.0,4.145839650163989,5.00937752607918,0.1340489080448738,0.1171091059680516,0.1167341983351858,0.0003501534172989
riga,Rīga,LV,everyday,school_primary,439.0,4.881954984538168,5.959891405842816,0.2602438351766666,0.2303744268749084,0.2201037692937246,0.0102186250785451
roma,Roma,IT,everyday,school_primary,1184.0,3.776988669085954,4.603185587052872,0.140122526024345,0.1284862909923024,0.1282171376812166,0.0002436792832084
sittard_geleen,Sittard-Geleen,NL,everyday,school_primary,58.0,7.172405551728995,8.592079599558822,0.1866563876519822,0.070375259796122,0.0638670380082873,5.650420199129408e-05
sofia,Sofia,BG,everyday,school_primary,426.0,4.401453096485429,5.2191559946507065,0.1195169054287131,0.0996656500745124,0.0955609629986799,0.004089842623151
stavanger,Stavanger,NO,everyday,school_primary,208.0,4.9557507657631765,5.6179080143212845,0.0976832158255808,0.0786810118048531,0.0763534547127654,0.0023275570920877
stockholm,Stockholm,SE,everyday,school_primary,1041.0,4.362108452373656,5.016723523163926,0.0819905831349377,0.0716539549655345,0.0689029249687865,0.002279148490199
szeged,Szeged,HU,everyday,school_primary,92.0,4.470794790445294,5.302094707776999,0.1555005691543806,0.136584328945173,0.1364874241874648,7.912695031528352e-05
talavera_de_la_reina,Talavera de la Reina,ES,everyday,school_primary,46.0,2.404092062855827,3.9485673497868254,0.2333197546483911,0.1971100128388479,0.1951235760140462,0.0002669232060958
tallinn,Tallinn,EE,everyday,school_primary,216.0,6.008780724443144,7.2220630563163235,0.2342965974614721,0.1782069430891766,0.167357130744795,0.0096514305155998
toulon,Toulon,FR,everyday,school_primary,314.0,5.114446711251095,6.191276726719941,0.122022286691952,0.0769415733077047,0.0744301143835803,0.0007117881025811
turku,Turku,FI,everyday,school_primary,202.0,4.890306480638389,5.495265350113777,0.1678379883092047,0.1596384807200046,0.1492433909572905,0.0103862042662311
vasteras,Västerås,SE,everyday,school_primary,102.0,6.069876745087828,7.199943435006279,0.1911992982861305,0.1231267782317585,0.1226901760962948,0.0001051565213188
vicenza,Vicenza,IT,everyday,school_primary,158.0,3.7865150306914455,4.544694018300881,0.0704269811849672,0.0610337351996226,0.0610324943359147,0.0
vilnius,Vilnius,LT,everyday,school_primary,362.0,5.867799290496373,6.673756132490272,0.329780340627871,0.2953985359127967,0.254347841389093,0.040844998785229
warszawa,Warszawa,PL,everyday,school_primary,1506.0,3.879490726997082,4.777143520476774,0.1030920407866191,0.0900843489959697,0.0860805421234867,0.0039568237154788
wroclaw,Wrocław,PL,everyday,school_primary,513.0,3.761415515040999,4.641528116508424,0.1298328962476851,0.1133662084981133,0.1133555880129668,5.032420538371682e-06
zagreb,Zagreb,HR,everyday,school_primary,521.0,5.033730128043409,5.833859866281088,0.1278291196737717,0.1094053811656817,0.1089017431903475,0.0004933468398991
zilina,Žilina,SK,everyday,school_primary,111.0,4.0,5.199896418534964,0.220039208273947,0.2020237385927615,0.2010407494630205,7.047339346332587e-05
aalborg,Aalborg,DK,everyday,school_secondary,154.0,7.5,7.93132296949824,0.2387387853166029,0.1874243105452388,0.1824934077561352,0.0048790226454677
aarhus,Aarhus,DK,everyday,school_secondary,227.0,5.3760648219936025,5.890549599725764,0.1163339288665366,0.1065553122900195,0.1064564469261281,9.747682019448447e-05
alicante,Alicante,ES,everyday,school_secondary,362.0,3.150773042616932,4.655845486451403,0.1905529258348559,0.1655754182827216,0.1652297194639163,0.0
amersfoort,Amersfoort,NL,everyday,school_secondary,161.0,3.1934857487046924,3.9057429131255854,0.0308541527430002,0.0202596201417635,0.0200759181257313,3.576247142572889e-06
amsterdam,Amsterdam,NL,everyday,school_secondary,1435.0,3.5857677815663336,4.488709313096945,0.0860617218808823,0.0646646607027705,0.0643443416298985,0.0001947696890257
antwerpen,Antwerpen,BE,everyday,school_secondary,572.0,4.581739774648086,5.562812481592548,0.1617086768692553,0.129563708970232,0.1295349374011062,0.0
apeldoorn,Apeldoorn,NL,everyday,school_secondary,158.0,4.420365853738939,5.4627182178035145,0.0909706494029996,0.0591208494094318,0.0589591054242531,5.107407344433736e-05
arezzo,Arezzo,IT,everyday,school_secondary,185.0,3.618851473654417,4.340263488798167,0.0872575749220096,0.0727416129745899,0.0727102790055749,0.0
athina,Athina,EL,everyday,school_secondary,1630.0,1.8012396506084447,2.4175205332204888,0.0275063117038998,0.0254817277972522,0.0251348209705481,0.0003269286847008
barcelona,Barcelona,ES,everyday,school_secondary,1881.0,1.481168129944263,2.509307201363581,0.0556294086743362,0.0480219682170474,0.0442001073206748,0.0038177121074459
berlin,Berlin,DE,everyday,school_secondary,1597.0,4.924757357132572,5.523242950816644,0.0667222825387741,0.0503404234792781,0.0502485403231613,6.579825546634008e-05
bilbao,Bilbao,ES,everyday,school_secondary,395.0,2.241529468201041,3.244681704619114,0.0596885754960423,0.0495862346139556,0.0494486554626334,3.761587329364424e-06
braila,Brăila,RO,everyday,school_secondary,48.0,4.096085327487454,5.187705788856178,0.2406288311035134,0.2173702021236408,0.2166435948424125,0.0005981650437556
bratislava,Bratislava,SK,everyday,school_secondary,462.0,4.398369214793928,5.582804305160709,0.1634253468445287,0.1253118368089519,0.1250447934015275,8.834990078709413e-05
brno,Brno,CZ,everyday,school_secondary,333.0,3.959975493280746,4.825251968183077,0.143691423786126,0.1322054169405552,0.1322054169405552,0.0
bruxelles,Bruxelles,BE,everyday,school_secondary,2044.0,2.817123888220913,3.6911863325370415,0.0363242449270198,0.0322632698872184,0.0320345089651253,9.721616120157184e-05
bucuresti,București,RO,everyday,school_secondary,665.0,4.051899365889482,4.888691248477194,0.2119411150654472,0.1994634484178345,0.1852816114886419,0.0138212152767958
budapest,Budapest,HU,everyday,school_secondary,995.0,4.5,5.162104753515528,0.0755914947759875,0.0645872273919844,0.0640750532678857,0.0004442526655318
caserta,Caserta,IT,everyday,school_secondary,85.0,5.284712827462037,6.507968972238467,0.1150417502496146,0.0415196151664599,0.0415071538224687,0.0
chemnitz,Chemnitz,DE,everyday,school_secondary,214.0,4.668639165723643,5.343578254938109,0.0842453062017231,0.0789278779721898,0.0789278779721898,0.0
cosenza,Cosenza,IT,everyday,school_secondary,76.0,3.853912845067175,5.315083518811377,0.3994867926953601,0.3784509805418115,0.3772184870106009,0.0007212551675557
goteborg,Göteborg,SE,everyday,school_secondary,481.0,4.918032374297153,5.735070426601869,0.1257223820414352,0.0989260687678415,0.0959295306568775,0.0022224258033794
grenoble,Grenoble,FR,everyday,school_secondary,856.0,2.139092572692677,3.043318980452764,0.0377107427868043,0.0322957760631439,0.0319933339602475,0.0002906792434966
hamburg,Hamburg,DE,everyday,school_secondary,1119.0,6.027774487268975,6.753631169688159,0.1530438390706915,0.1154194068212354,0.1123977156800223,0.0017298342956215
helsingborg,Helsingborg,SE,everyday,school_secondary,129.0,4.0,4.936561727982999,0.1103831532338244,0.095500710102417,0.095500710102417,0.0
helsinki,Helsinki,FI,everyday,school_secondary,788.0,5.22270697611246,5.914193647375454,0.1189170546000894,0.0962513141911357,0.0931360094571234,0.0026568861195763
jaen,Jaén,ES,everyday,school_secondary,120.0,2.430285708035457,3.609820770197036,0.1676704635978378,0.1441992511710138,0.1424973945670445,0.0005149201470868
katowice,Katowice,PL,everyday,school_secondary,539.0,4.625566953142798,5.321387902227798,0.0388561984096084,0.0181294338578041,0.0177972268607409,0.0002534428821402
kobenhavn,København,DK,everyday,school_secondary,737.0,4.367722032992423,4.860599158483902,0.0563473686974466,0.0517233913243438,0.051090910614927,9.409472397769646e-05
koeln,Köln,DE,everyday,school_secondary,871.0,5.202761677284904,6.115834665014448,0.0850282099367713,0.0438405758934746,0.0432454926815071,0.0002092671147314
krakow,Kraków,PL,everyday,school_secondary,649.0,5.305939285750631,5.989360386872617,0.1175956781076258,0.0976682215852792,0.0974866509122313,4.00606884883627e-07
lahti,Lahti,FI,everyday,school_secondary,79.0,7.2262579877702,7.5204588053764,0.2532218163334299,0.222762782093089,0.2219160261684055,0.0008467559246835
landshut,Landshut,DE,everyday,school_secondary,80.0,5.738877429948854,6.186044790693571,0.2320244262346261,0.2160937733522295,0.2160722895112075,0.0
lisboa,Lisboa,PT,everyday,school_secondary,1495.0,3.034002706812696,3.574294200577903,0.0217504866412886,0.0186146834897634,0.0185658663382393,2.4896942753291737e-05
ljubljana,Ljubljana,SI,everyday,school_secondary,332.0,5.214288274695222,6.0071570223307855,0.2333958368870617,0.2168182524443264,0.2159847531032568,0.0008303849451283
lodz,Łódź,PL,everyday,school_secondary,411.0,5.259678597831857,6.216092816168581,0.1309120828594337,0.0886542804396162,0.0886421980596421,0.0
lomza,Łomża,PL,everyday,school_secondary,47.0,6.290378129174323,6.894037690228304,0.3217963904819409,0.2893730509849685,0.2887366335652714,0.0
luxembourg,Luxembourg,LU,everyday,school_secondary,367.0,4.132549175664278,5.047674916629683,0.1141462957752297,0.0966843105378755,0.0965644260883637,0.0001198844495118
madrid,Madrid,ES,everyday,school_secondary,2954.0,2.028183033141227,3.085403223731089,0.0667004157272743,0.0528172417061343,0.0525160030828495,0.0001414262031588
milano,Milano,IT,everyday,school_secondary,1722.0,3.813420877623917,4.3597649378708185,0.0286740375212322,0.0236081675968497,0.0236043787555862,0.0
munchen,München,DE,everyday,school_secondary,1048.0,4.7262579877702,5.298982930166464,0.0819134275078579,0.0714049664812827,0.0710034834839465,0.000369052645039
napoli,Napoli,IT,everyday,school_secondary,757.0,4.92115273396294,6.049081022763907,0.1112081453969912,0.0615577316901887,0.0612955794716062,0.0
norrkoping,Norrköping,SE,everyday,school_secondary,113.0,4.049950232253115,4.851975548404749,0.2415977196548684,0.2339328232303885,0.2243041434681869,0.0086530587245269
oslo,Oslo,NO,everyday,school_secondary,771.0,5.000540004385178,5.535745646465701,0.0735475153129495,0.0640555210730959,0.0633334561495938,0.000722064923502
palermo,Palermo,IT,everyday,school_secondary,198.0,4.633989969084865,6.1211128403918265,0.1657802626588715,0.0949271379658799,0.0945585053323618,2.353952749810184e-06
palma_de_mallorca,Palma de Mallorca,ES,everyday,school_secondary,309.0,2.723898429047479,3.743197267817884,0.1083315593142301,0.098810234753394,0.0986861783340474,0.0001240564193465
paris,Paris,FR,everyday,school_secondary,10710.0,1.5214418674070558,2.2619255777431704,0.0204836426990398,0.0178630394926016,0.0175818840288013,0.00028082037673
porto,Porto,PT,everyday,school_secondary,832.0,4.114962918512008,4.54863718153651,0.0090141027057967,0.0073425155769597,0.0072446980569689,9.78175199907707e-05
praha,Praha,CZ,everyday,school_secondary,823.0,4.145839650163989,5.00937752607918,0.1340489080448738,0.1171091059680516,0.1167341983351858,0.0003501534172989
riga,Rīga,LV,everyday,school_secondary,439.0,4.881954984538168,5.959891405842816,0.2602438351766666,0.2303744268749084,0.2201037692937246,0.0102186250785451
roma,Roma,IT,everyday,school_secondary,1184.0,3.776988669085954,4.603185587052872,0.140122526024345,0.1284862909923024,0.1282171376812166,0.0002436792832084
sittard_geleen,Sittard-Geleen,NL,everyday,school_secondary,58.0,7.172405551728995,8.592079599558822,0.1866563876519822,0.070375259796122,0.0638670380082873,5.650420199129408e-05
sofia,Sofia,BG,everyday,school_secondary,426.0,4.401453096485429,5.2191559946507065,0.1195169054287131,0.0996656500745124,0.0955609629986799,0.004089842623151
stavanger,Stavanger,NO,everyday,school_secondary,208.0,4.9557507657631765,5.6179080143212845,0.0976832158255808,0.0786810118048531,0.0763534547127654,0.0023275570920877
stockholm,Stockholm,SE,everyday,school_secondary,1041.0,4.362108452373656,5.016723523163926,0.0819905831349377,0.0716539549655345,0.0689029249687865,0.002279148490199
szeged,Szeged,HU,everyday,school_secondary,92.0,4.470794790445294,5.302094707776999,0.1555005691543806,0.136584328945173,0.1364874241874648,7.912695031528352e-05
talavera_de_la_reina,Talavera de la Reina,ES,everyday,school_secondary,46.0,2.404092062855827,3.9485673497868254,0.2333197546483911,0.1971100128388479,0.1951235760140462,0.0002669232060958
tallinn,Tallinn,EE,everyday,school_secondary,216.0,6.008780724443144,7.2220630563163235,0.2342965974614721,0.1782069430891766,0.167357130744795,0.0096514305155998
toulon,Toulon,FR,everyday,school_secondary,314.0,5.114446711251095,6.191276726719941,0.122022286691952,0.0769415733077047,0.0744301143835803,0.0007117881025811
turku,Turku,FI,everyday,school_secondary,202.0,4.890306480638389,5.495265350113777,0.1678379883092047,0.1596384807200046,0.1492433909572905,0.0103862042662311
vasteras,Västerås,SE,everyday,school_secondary,102.0,6.069876745087828,7.199943435006279,0.1911992982861305,0.1231267782317585,0.1226901760962948,0.0001051565213188
vicenza,Vicenza,IT,everyday,school_secondary,158.0,3.7865150306914455,4.544694018300881,0.0704269811849672,0.0610337351996226,0.0610324943359147,0.0
vilnius,Vilnius,LT,everyday,school_secondary,362.0,5.867799290496373,6.673756132490272,0.329780340627871,0.2953985359127967,0.254347841389093,0.040844998785229
warszawa,Warszawa,PL,everyday,school_secondary,1506.0,3.879490726997082,4.777143520476774,0.1030920407866191,0.0900843489959697,0.0860805421234867,0.0039568237154788
wroclaw,Wrocław,PL,everyday,school_secondary,513.0,3.761415515040999,4.641528116508424,0.1298328962476851,0.1133662084981133,0.1133555880129668,5.032420538371682e-06
zagreb,Zagreb,HR,everyday,school_secondary,521.0,5.033730128043409,5.833859866281088,0.1278291196737717,0.1094053811656817,0.1089017431903475,0.0004933468398991
zilina,Žilina,SK,everyday,school_secondary,111.0,4.0,5.199896418534964,0.220039208273947,0.2020237385927615,0.2010407494630205,7.047339346332587e-05
aalborg,Aalborg,DK,everyday,supermarket,167.0,4.808575557746371,5.5891517791806855,0.2215949962297141,0.1991348608772041,0.194183583906451,0.0048790226454677
aarhus,Aarhus,DK,everyday,supermarket,223.0,4.5,5.115484262176046,0.129577307721338,0.1193317083439003,0.1191200966960637,9.747682019448447e-05
alicante,Alicante,ES,everyday,supermarket,322.0,2.8864627384410886,4.218477337036969,0.1823718479139674,0.1606511989688781,0.1604452637692603,0.0
amersfoort,Amersfoort,NL,everyday,supermarket,65.0,5.82725644206476,6.74920503560165,0.093866270280147,0.0366843158452946,0.0338057648343547,3.576247142572889e-06
amsterdam,Amsterdam,NL,everyday,supermarket,759.0,4.235638387197124,5.109220832802991,0.1020264012231832,0.0748512201488751,0.0745477246475835,0.0001947696890257
antwerpen,Antwerpen,BE,everyday,supermarket,340.0,5.0,5.892514242827917,0.1779409781150139,0.1487090743976711,0.1486901867792311,0.0
apeldoorn,Apeldoorn,NL,everyday,supermarket,73.0,6.214504886948683,7.06566332026439,0.1604530444939084,0.102704951151498,0.1022630392111959,5.107407344433736e-05
arezzo,Arezzo,IT,everyday,supermarket,44.0,6.480229071370089,7.144767999121741,0.2828145584311355,0.2440756972121952,0.2422900907595216,0.0
athina,Athina,EL,everyday,supermarket,1107.0,2.284485681658749,3.0136365046040625,0.0307583610597927,0.0250132849089113,0.0245759696518262,0.0003269286847008
barcelona,Barcelona,ES,everyday,supermarket,2364.0,1.5058062013544515,2.952994488674542,0.0800058814616035,0.0613139904971002,0.0573941298417953,0.0038177121074459
berlin,Berlin,DE,everyday,supermarket,1939.0,3.704276898439534,4.398345733645524,0.0563228671340178,0.0481627828644252,0.0480969249374801,6.579825546634008e-05
bilbao,Bilbao,ES,everyday,supermarket,445.0,0.7655782591685036,2.252569968840659,0.064734515589116,0.0589213071812178,0.0589169101963176,3.761587329364424e-06
braila,Brăila,RO,everyday,supermarket,54.0,5.379450953525985,5.987425810126508,0.2179015919025347,0.1863561081735337,0.1855774630153948,0.0005981650437556
bratislava,Bratislava,SK,everyday,supermarket,349.0,4.53286870625529,5.664797276623913,0.2014304914658542,0.1662408762125945,0.1655193173438689,8.834990078709413e-05
brno,Brno,CZ,everyday,supermarket,208.0,4.0,5.026188350923709,0.2694516096834097,0.256738910201331,0.256738910201331,0.0
bruxelles,Bruxelles,BE,everyday,supermarket,936.0,4.128303115247098,4.900334855237922,0.1316600644832077,0.1251161554441829,0.1250189392829813,9.721616120157184e-05
bucuresti,București,RO,everyday,supermarket,836.0,2.9941314595369524,3.907802057172097,0.2129614877230623,0.2030841961176875,0.1892254647428538,0.0138212152767958
budapest,Budapest,HU,everyday,supermarket,712.0,5.0,5.708320012786534,0.1323996034201983,0.1171142774287496,0.1166636424102255,0.0004442526655318
caserta,Caserta,IT,everyday,supermarket,103.0,4.786608661399771,5.664627304317544,0.0787748646951365,0.0404837357762137,0.040382337710882,0.0
chemnitz,Chemnitz,DE,everyday,supermarket,197.0,4.53011902331116,5.533675136289055,0.1515376938337619,0.1320423685003313,0.1320423685003313,0.0
cosenza,Cosenza,IT,everyday,supermarket,72.0,3.832660262780823,5.259084470641287,0.3991927727620321,0.3750663328024332,0.3741863498881894,0.0007212551675557
goteborg,Göteborg,SE,everyday,supermarket,222.0,6.537533549149641,7.303196989384274,0.2305875356240996,0.1774187592688711,0.17489898952842,0.0022224258033794
grenoble,Grenoble,FR,everyday,supermarket,150.0,5.5,6.203802914371847,0.2260254288504973,0.2092345325636408,0.2089123555902726,0.0002906792434966
hamburg,Hamburg,DE,everyday,supermarket,1200.0,4.891085018370885,5.790477210430407,0.155317145680035,0.1222280366849273,0.119715289166204,0.0017298342956215
helsingborg,Helsingborg,SE,everyday,supermarket,63.0,5.649499137893977,6.376135163753571,0.1904891712425094,0.1653630409159589,0.1650783146036952,0.0
helsinki,Helsinki,FI,everyday,supermarket,291.0,8.169346073689582,8.873657652637183,0.2708666340326616,0.1717149669498751,0.1656159532520969,0.0026568861195763
jaen,Jaén,ES,everyday,supermarket,107.0,1.6401403663865677,2.822023800867102,0.1789878064141667,0.161680049619446,0.160362431102707,0.0005149201470868
katowice,Katowice,PL,everyday,supermarket,427.0,5.801574326164938,6.624119260375474,0.0758143557792811,0.0290662649502776,0.0279399572198855,0.0002534428821402
kobenhavn,København,DK,everyday,supermarket,913.0,2.8563492944572317,3.4208285453085607,0.0588633623468934,0.0561497017065367,0.0560556034005723,9.409472397769646e-05
koeln,Köln,DE,everyday,supermarket,814.0,4.679650849359494,5.530185132997412,0.0850678668667763,0.0561683189626468,0.0558890639151503,0.0002092671147314
krakow,Kraków,PL,everyday,supermarket,455.0,5.832309874557835,6.757199567058972,0.2374323649943585,0.193154402672114,0.1929497490857677,4.00606884883627e-07
lahti,Lahti,FI,everyday,supermarket,43.0,7.605252918709388,8.095187634337371,0.3793704930350909,0.329497872916293,0.3281111997807743,0.0008467559246835
landshut,Landshut,DE,everyday,supermarket,76.0,5.397076049556157,6.584326367698692,0.2469051473990222,0.2096890583723689,0.2095158782012349,0.0
lisboa,Lisboa,PT,everyday,supermarket,906.0,4.376621314635343,5.064760574042646,0.0853932766044246,0.0691165267893073,0.0688777633977021,2.4896942753291737e-05
ljubljana,Ljubljana,SI,everyday,supermarket,325.0,4.486122612186447,5.631891111490464,0.3106752544595147,0.281455703152396,0.279994520544766,0.0008303849451283
lodz,Łódź,PL,everyday,supermarket,334.0,5.871424557786298,6.728568798552994,0.1574994755388537,0.1054145519390691,0.105283594668199,0.0
lomza,Łomża,PL,everyday,supermarket,52.0,5.005492241396837,6.213388922034906,0.3458504121827228,0.3081425060176798,0.3074004805780211,0.0
luxembourg,Luxembourg,LU,everyday,supermarket,169.0,6.673437128284352,7.387482184547364,0.3059244345172554,0.2552539908333302,0.2546329204925259,0.0001198844495118
madrid,Madrid,ES,everyday,supermarket,1874.0,2.5795011156133727,3.609142855226245,0.0795663325091408,0.064850721050257,0.064608268564328,0.0001414262031588
milano,Milano,IT,everyday,supermarket,1179.0,4.004169335565684,4.679876427620336,0.0626690552169929,0.0571212896361425,0.0571206373021008,0.0
munchen,München,DE,everyday,supermarket,1195.0,3.526629553293745,4.270613108136131,0.0916490232364776,0.0831526162477923,0.0827708830719077,0.000369052645039
napoli,Napoli,IT,everyday,supermarket,586.0,5.818106792894689,7.010852152110434,0.1460272215461497,0.0579640570304136,0.057493106515155,0.0
norrkoping,Norrköping,SE,everyday,supermarket,56.0,5.5,6.157271258132877,0.2886308795745134,0.2633154540102253,0.2540411701434029,0.0086530587245269
oslo,Oslo,NO,everyday,supermarket,901.0,4.067721516500222,4.665014022026458,0.0850177566153272,0.0760515387651661,0.0752583549130023,0.000722064923502
palermo,Palermo,IT,everyday,supermarket,243.0,3.738693317711411,4.529269928802372,0.0872644941202507,0.0743044066299812,0.0742406292967795,2.353952749810184e-06
palma_de_mallorca,Palma de Mallorca,ES,everyday,supermarket,422.0,2.0,3.2269926271038014,0.110617592424781,0.0997474311401959,0.0996233747208493,0.0001240564193465
paris,Paris,FR,everyday,supermarket,2522.0,3.465145040905783,4.0756565916297545,0.092666278020251,0.0898852025692504,0.0896043821925203,0.00028082037673
porto,Porto,PT,everyday,supermarket,397.0,5.783991531483665,6.507419489775796,0.1367200466202879,0.1064005198770322,0.1063002519836205,9.78175199907707e-05
praha,Praha,CZ,everyday,supermarket,575.0,4.733358341161375,5.67644448238758,0.1995329887389114,0.1759263853076631,0.1755444286503033,0.0003501534172989
riga,Rīga,LV,everyday,supermarket,434.0,4.104842584953815,4.910499371849284,0.2665985347720285,0.251297968596952,0.2410651079452669,0.0102186250785451
roma,Roma,IT,everyday,supermarket,1210.0,3.3481211602423127,4.156408267088492,0.1025439233867152,0.0944779529214229,0.0942104454116267,0.0002436792832084
sittard_geleen,Sittard-Geleen,NL,everyday,supermarket,44.0,7.996719500319671,9.831481371864,0.2850099962812707,0.1164770322069176,0.1036152410015721,5.650420199129408e-05
sofia,Sofia,BG,everyday,supermarket,533.0,3.3443169853894257,4.575083119385399,0.1707675920536552,0.1459639395788575,0.1418456751802785,0.004089842623151
stavanger,Stavanger,NO,everyday,supermarket,209.0,4.384236247245488,4.914490350025683,0.0790445991143298,0.069953556693646,0.0676259996015583,0.0023275570920877
stockholm,Stockholm,SE,everyday,supermarket,615.0,4.372791045044728,5.010962754394262,0.0954143599666764,0.085635879131397,0.0833458967735333,0.002279148490199
szeged,Szeged,HU,everyday,supermarket,50.0,6.98993022095426,7.92600817579644,0.3040636311480579,0.237889356995088,0.2375514247272194,7.912695031528352e-05
talavera_de_la_reina,Talavera de la Reina,ES,everyday,supermarket,33.0,1.940878184031758,3.993526265084592,0.3187507361403556,0.2729267725346674,0.2710091123060394,0.0002669232060958
tallinn,Tallinn,EE,everyday,supermarket,236.0,5.083854519735103,6.068154587967489,0.2008104037333996,0.1677471417665604,0.1574098255727335,0.0096514305155998
toulon,Toulon,FR,everyday,supermarket,135.0,8.259652474581836,9.183905384863714,0.2506222450889563,0.130365078476201,0.124766167450597,0.0007117881025811
turku,Turku,FI,everyday,supermarket,65.0,7.845460243831691,7.977229900270085,0.3273333818078247,0.3070632946014982,0.296677090335267,0.0103862042662311
vasteras,Västerås,SE,everyday,supermarket,52.0,7.031068379684332,8.04702421021362,0.2754022852885068,0.187506460724764,0.1874013042034452,0.0001051565213188
vicenza,Vicenza,IT,everyday,supermarket,94.0,5.295881929237139,6.161232014322343,0.1332593421553549,0.1070014820306914,0.1066713739567734,0.0
vilnius,Vilnius,LT,everyday,supermarket,348.0,5.159056423053077,5.921455142839766,0.3004102252985122,0.2802069680354984,0.2393336039667785,0.040844998785229
warszawa,Warszawa,PL,everyday,supermarket,1046.0,4.339571403995517,5.164676000405712,0.1410388544084169,0.1255897243503319,0.1215876354796896,0.0039568237154788
wroclaw,Wrocław,PL,everyday,supermarket,327.0,4.449038702258767,5.1517879044847765,0.1310268525717363,0.1214418566280035,0.1214368242074651,5.032420538371682e-06
zagreb,Zagreb,HR,everyday,supermarket,289.0,5.831634971712662,6.76063391372446,0.3067482731337868,0.2678705378501242,0.2649857639838651,0.0004933468398991
zilina,Žilina,SK,everyday,supermarket,96.0,4.245961344780426,5.594545710048008,0.2367444712138923,0.2053318940435188,0.2051886260473296,7.047339346332587e-05
