level,regime,service,n_facilities,pop_mean_time_min,pop_median_time_min,pop_p90_time_min_reachable,pop_share_beyond_15min,pop_share_beyond_30min,pop_service_deprived_share,unreachable_pop_share,mean_deprivation,pop_share_beyond_45min,pop_share_beyond_60min
service,everyday,gp,112.0,12.89403250356122,11.591648941146593,23.695815817949168,0.6003278907472646,0.42324969377691163,0.3975755159761363,9.409472397769646e-05,0.6230554106666323,,
service,everyday,pharmacy,173.0,7.339916767905756,7.0,12.857886212160654,0.18257616172528315,0.1609239775391588,0.16081184267345072,9.409472397769646e-05,0.2982474215078985,,
service,everyday,supermarket,915.0,3.4385547811119626,2.8757095078763557,7.129567226121186,0.05888487363546385,0.05615036799285477,0.056056269686890384,9.409472397769646e-05,0.11077879616958441,,
service,everyday,school_primary,737.0,4.866651679966686,4.373476624963554,8.979712213471707,0.05634684209256191,0.05172538671064945,0.05109290600123263,9.409472397769646e-05,0.13518132318429701,,
service,everyday,school_secondary,737.0,4.866651679966686,4.373476624963554,8.979712213471707,0.05634684209256191,0.05172538671064945,0.05109290600123263,9.409472397769646e-05,0.13518132318429701,,
service,everyday,green_space_local,3017.0,3.5419827033968785,2.807395860808264,8.147952826903914,0.04667920745104314,0.039108226231055365,0.038881532751768214,9.409472397769646e-05,0.10120850745252165,,
service,everyday,green_space_district,3017.0,3.5419827033968785,2.807395860808264,8.147952826903914,0.04667920745104314,0.039108226231055365,0.038881532751768214,9.409472397769646e-05,0.10120850745252165,,
service,emergency,emergency_dept_hospital,22.0,10.39747562809274,9.0,18.0,,0.012002098073030761,0.00031751022563784425,9.409472397769646e-05,0.09946367294176818,0.0004894734690129526,0.0004116049496155407
service,emergency,ambulance_station,8.0,15.489936288813299,15.0,24.0,,0.03710242839838107,0.0003713971374816914,9.409472397769646e-05,0.18072410874005682,0.0015415557894650005,0.000477207895048918
